trench_lon,trench_lat,conv_rate,conv_angle,trench_abs_rate,trench_abs_angle,arc_len,trench_norm,subducting_pid,trench_pid,dist_nearest_edge,dist_from_start,conv_ortho,conv_paral,trench_abs_ortho,trench_abs_paral,subducting_abs_rate,subducting_abs_angle,subducting_abs_ortho,subducting_abs_paral
-172.25,65.68,0,0,0,0,0.20,123.47,902,101,4.75,4.75,0.00,0.00,0.00,0.00,0.00,0.00,0.00,0.00
-171.98,65.84,0,0,0,0,0.20,123.71,902,101,4.95,4.95,0.00,0.00,0.00,0.00,0.00,0.00,0.00,0.00
-171.71,66.01,0,0,0,0,0.20,123.96,902,101,5.15,5.15,0.00,0.00,0.00,0.00,0.00,0.00,0.00,0.00
-171.43,66.17,0,0,0,0,0.20,124.22,902,101,5.35,5.35,0.00,0.00,0.00,0.00,0.00,0.00,0.00,0.00
-171.15,66.34,0,0,0,0,0.20,124.47,902,101,5.55,5.55,0.00,0.00,0.00,0.00,0.00,0.00,0.00,0.00
-170.87,66.50,0,0,0,0,0.20,124.73,902,101,5.75,5.75,0.00,0.00,0.00,0.00,0.00,0.00,0.00,0.00
-170.58,66.67,0,0,0,0,0.20,125.00,902,101,5.95,5.95,0.00,0.00,0.00,0.00,0.00,0.00,0.00,0.00
-170.29,66.83,0,0,0,0,0.20,125.26,902,101,6.15,6.15,0.00,0.00,0.00,0.00,0.00,0.00,0.00,0.00
-170.00,66.99,0,0,0,0,0.20,125.53,902,101,6.35,6.35,0.00,0.00,0.00,0.00,0.00,0.00,0.00,0.00
-169.70,67.16,0,0,0,0,0.20,125.81,902,101,6.55,6.55,0.00,0.00,0.00,0.00,0.00,0.00,0.00,0.00
-169.39,67.32,0,0,0,0,0.20,126.09,902,101,6.75,6.75,0.00,0.00,0.00,0.00,0.00,0.00,0.00,0.00
-169.09,67.48,0,0,0,0,0.20,126.37,902,101,6.95,6.95,0.00,0.00,0.00,0.00,0.00,0.00,0.00,0.00
-168.78,67.64,0,0,0,0,0.20,126.66,902,101,7.15,7.15,0.00,0.00,0.00,0.00,0.00,0.00,0.00,0.00
-168.46,67.80,0,0,0,0,0.20,126.95,902,101,7.35,7.35,0.00,0.00,0.00,0.00,0.00,0.00,0.00,0.00
-168.14,67.96,0,0,0,0,0.20,127.25,902,101,7.55,7.55,0.00,0.00,0.00,0.00,0.00,0.00,0.00,0.00
-167.82,68.12,0,0,0,0,0.20,127.55,902,101,7.75,7.75,0.00,0.00,0.00,0.00,0.00,0.00,0.00,0.00
-167.49,68.28,0,0,0,0,0.20,127.85,902,101,7.95,7.95,0.00,0.00,0.00,0.00,0.00,0.00,0.00,0.00
-167.15,68.43,0,0,0,0,0.20,128.16,902,101,8.15,8.15,0.00,0.00,0.00,0.00,0.00,0.00,0.00,0.00
-166.82,68.59,0,0,0,0,0.20,128.48,902,101,8.35,8.35,0.00,0.00,0.00,0.00,0.00,0.00,0.00,0.00
-166.47,68.75,0,0,0,0,0.20,128.80,902,101,8.55,8.55,0.00,0.00,0.00,0.00,0.00,0.00,0.00,0.00
-166.12,68.90,0,0,0,0,0.20,129.12,902,101,8.75,8.75,0.00,0.00,0.00,0.00,0.00,0.00,0.00,0.00
-165.77,69.05,0,0,0,0,0.20,129.45,902,101,8.95,8.95,0.00,0.00,0.00,0.00,0.00,0.00,0.00,0.00
-165.41,69.21,0,0,0,0,0.20,129.79,902,101,9.15,9.15,0.00,0.00,0.00,0.00,0.00,0.00,0.00,0.00
-165.05,69.36,0,0,0,0,0.20,130.12,902,101,9.35,9.35,0.00,0.00,0.00,0.00,0.00,0.00,0.00,0.00
-164.68,69.51,0,0,0,0,0.20,130.47,902,101,9.55,9.55,0.00,0.00,0.00,0.00,0.00,0.00,0.00,0.00
-164.31,69.67,0,0,0,0,0.20,130.82,902,101,9.75,9.75,0.00,0.00,0.00,0.00,0.00,0.00,0.00,0.00
-163.93,69.82,0,0,0,0,0.20,131.17,902,101,9.95,9.95,0.00,0.00,0.00,0.00,0.00,0.00,0.00,0.00
-163.55,69.97,0,0,0,0,0.20,131.53,902,101,10.15,10.15,0.00,0.00,0.00,0.00,0.00,0.00,0.00,0.00
-163.16,70.12,0,0,0,0,0.20,131.90,902,101,10.35,10.35,0.00,0.00,0.00,0.00,0.00,0.00,0.00,0.00
-162.76,70.26,0,0,0,0,0.20,132.27,902,101,10.55,10.55,0.00,0.00,0.00,0.00,0.00,0.00,0.00,0.00
-162.36,70.41,0,0,0,0,0.20,132.65,902,101,10.75,10.75,0.00,0.00,0.00,0.00,0.00,0.00,0.00,0.00
-161.96,70.56,0,0,0,0,0.20,133.03,902,101,10.95,10.95,0.00,0.00,0.00,0.00,0.00,0.00,0.00,0.00
-161.55,70.70,0,0,0,0,0.20,133.42,902,101,11.15,11.15,0.00,0.00,0.00,0.00,0.00,0.00,0.00,0.00
-161.13,70.85,0,0,0,0,0.20,133.82,902,101,11.35,11.35,0.00,0.00,0.00,0.00,0.00,0.00,0.00,0.00
-160.70,70.99,0,0,0,0,0.20,134.22,902,101,11.55,11.55,0.00,0.00,0.00,0.00,0.00,0.00,0.00,0.00
-160.27,71.13,0,0,0,0,0.20,134.62,902,101,11.74,11.74,0.00,0.00,0.00,0.00,0.00,0.00,0.00,0.00
-159.83,71.28,0,0,0,0,0.20,135.04,902,101,11.94,11.94,0.00,0.00,0.00,0.00,0.00,0.00,0.00,0.00
-159.39,71.42,0,0,0,0,0.20,135.46,902,101,12.14,12.14,0.00,0.00,0.00,0.00,0.00,0.00,0.00,0.00
-158.94,71.56,0,0,0,0,0.20,135.89,902,101,12.34,12.34,0.00,0.00,0.00,0.00,0.00,0.00,0.00,0.00
-158.48,71.69,0,0,0,0,0.20,136.32,902,101,12.54,12.54,0.00,0.00,0.00,0.00,0.00,0.00,0.00,0.00
-158.02,71.83,0,0,0,0,0.20,136.76,902,101,12.74,12.74,0.00,0.00,0.00,0.00,0.00,0.00,0.00,0.00
-157.55,71.97,0,0,0,0,0.20,137.21,902,101,12.94,12.94,0.00,0.00,0.00,0.00,0.00,0.00,0.00,0.00
-157.07,72.10,0,0,0,0,0.20,137.66,902,101,13.14,13.14,0.00,0.00,0.00,0.00,0.00,0.00,0.00,0.00
-156.59,72.24,0,0,0,0,0.20,138.12,902,101,13.34,13.34,0.00,0.00,0.00,0.00,0.00,0.00,0.00,0.00
-156.10,72.37,0,0,0,0,0.20,138.59,902,101,13.54,13.54,0.00,0.00,0.00,0.00,0.00,0.00,0.00,0.00
-155.60,72.50,0,0,0,0,0.20,139.06,902,101,13.74,13.74,0.00,0.00,0.00,0.00,0.00,0.00,0.00,0.00
-155.10,72.63,0,0,0,0,0.20,139.54,902,101,13.94,13.94,0.00,0.00,0.00,0.00,0.00,0.00,0.00,0.00
-154.58,72.76,0,0,0,0,0.20,140.03,902,101,14.14,14.14,0.00,0.00,0.00,0.00,0.00,0.00,0.00,0.00
-154.06,72.89,0,0,0,0,0.20,140.53,902,101,14.34,14.34,0.00,0.00,0.00,0.00,0.00,0.00,0.00,0.00
-153.54,73.01,0,0,0,0,0.20,141.04,902,101,14.54,14.54,0.00,0.00,0.00,0.00,0.00,0.00,0.00,0.00
-153.00,73.14,0,0,0,0,0.20,141.55,902,101,14.74,14.74,0.00,0.00,0.00,0.00,0.00,0.00,0.00,0.00
-152.46,73.26,0,0,0,0,0.20,142.07,902,101,14.94,14.94,0.00,0.00,0.00,0.00,0.00,0.00,0.00,0.00
-151.91,73.38,0,0,0,0,0.20,142.60,902,101,15.14,15.14,0.00,0.00,0.00,0.00,0.00,0.00,0.00,0.00
-151.35,73.51,0,0,0,0,0.20,143.13,902,101,15.34,15.34,0.00,0.00,0.00,0.00,0.00,0.00,0.00,0.00
-150.78,73.62,0,0,0,0,0.20,143.67,902,101,15.54,15.54,0.00,0.00,0.00,0.00,0.00,0.00,0.00,0.00
-150.21,73.74,0,0,0,0,0.20,144.23,902,101,15.74,15.74,0.00,0.00,0.00,0.00,0.00,0.00,0.00,0.00
-149.62,73.86,0,0,0,0,0.20,144.79,902,101,15.94,15.94,0.00,0.00,0.00,0.00,0.00,0.00,0.00,0.00
-149.03,73.97,0,0,0,0,0.20,145.35,902,101,16.14,16.14,0.00,0.00,0.00,0.00,0.00,0.00,0.00,0.00
-148.43,74.08,0,0,0,0,0.20,145.93,902,101,16.34,16.34,0.00,0.00,0.00,0.00,0.00,0.00,0.00,0.00
-147.83,74.20,0,0,0,0,0.20,146.51,902,101,16.54,16.54,0.00,0.00,0.00,0.00,0.00,0.00,0.00,0.00
-147.21,74.31,0,0,0,0,0.20,147.11,902,101,16.74,16.74,0.00,0.00,0.00,0.00,0.00,0.00,0.00,0.00
-146.59,74.41,0,0,0,0,0.20,147.71,902,101,16.94,16.94,0.00,0.00,0.00,0.00,0.00,0.00,0.00,0.00
-145.95,74.52,0,0,0,0,0.20,148.32,902,101,17.14,17.14,0.00,0.00,0.00,0.00,0.00,0.00,0.00,0.00
-145.31,74.62,0,0,0,0,0.20,148.93,902,101,17.34,17.34,0.00,0.00,0.00,0.00,0.00,0.00,0.00,0.00
-144.66,74.72,0,0,0,0,0.20,149.56,902,101,17.54,17.54,0.00,0.00,0.00,0.00,0.00,0.00,0.00,0.00
-144.01,74.82,0,0,0,0,0.20,150.20,902,101,17.74,17.74,0.00,0.00,0.00,0.00,0.00,0.00,0.00,0.00
-142.40,63.04,0,0,0,0,0.19,210.90,902,16111,0.09,0.09,0.00,0.00,0.00,0.00,0.00,0.00,0.00,0.00
-142.04,62.94,0,0,0,0,0.19,211.22,902,16111,0.28,0.28,0.00,0.00,0.00,0.00,0.00,0.00,0.00,0.00
-141.70,62.84,0,0,0,0,0.19,211.53,902,16111,0.47,0.47,0.00,0.00,0.00,0.00,0.00,0.00,0.00,0.00
-141.35,62.74,0,0,0,0,0.19,211.84,902,16111,0.65,0.65,0.00,0.00,0.00,0.00,0.00,0.00,0.00,0.00
-141.00,62.65,0,0,0,0,0.19,212.14,902,16111,0.84,0.84,0.00,0.00,0.00,0.00,0.00,0.00,0.00,0.00
-140.66,62.55,0,0,0,0,0.19,212.45,902,16111,1.03,1.03,0.00,0.00,0.00,0.00,0.00,0.00,0.00,0.00
-140.32,62.45,0,0,0,0,0.19,212.75,902,16111,1.21,1.21,0.00,0.00,0.00,0.00,0.00,0.00,0.00,0.00
-139.98,62.34,0,0,0,0,0.19,213.05,902,16111,1.40,1.40,0.00,0.00,0.00,0.00,0.00,0.00,0.00,0.00
-139.65,62.24,0,0,0,0,0.19,213.35,902,16111,1.59,1.59,0.00,0.00,0.00,0.00,0.00,0.00,0.00,0.00
-139.35,62.12,0,0,0,0,0.19,228.14,902,16111,1.77,1.77,0.00,0.00,0.00,0.00,0.00,0.00,0.00,0.00
-139.08,61.98,0,0,0,0,0.19,228.37,902,16111,1.96,1.96,0.00,0.00,0.00,0.00,0.00,0.00,0.00,0.00
-138.82,61.84,0,0,0,0,0.19,228.60,902,16111,2.14,2.14,0.00,0.00,0.00,0.00,0.00,0.00,0.00,0.00
-138.56,61.71,0,0,0,0,0.19,228.83,902,16111,2.33,2.33,0.00,0.00,0.00,0.00,0.00,0.00,0.00,0.00
-138.31,61.57,0,0,0,0,0.19,229.05,902,16111,2.51,2.51,0.00,0.00,0.00,0.00,0.00,0.00,0.00,0.00
-138.05,61.43,0,0,0,0,0.19,229.28,902,16111,2.70,2.70,0.00,0.00,0.00,0.00,0.00,0.00,0.00,0.00
-137.80,61.28,0,0,0,0,0.19,229.50,902,16111,2.88,2.88,0.00,0.00,0.00,0.00,0.00,0.00,0.00,0.00
-137.55,61.14,0,0,0,0,0.19,229.72,902,16111,3.07,3.07,0.00,0.00,0.00,0.00,0.00,0.00,0.00,0.00
-137.31,61.00,0,0,0,0,0.19,229.93,902,16111,3.25,3.25,0.00,0.00,0.00,0.00,0.00,0.00,0.00,0.00
-137.06,60.86,0,0,0,0,0.19,230.15,902,16111,3.44,3.44,0.00,0.00,0.00,0.00,0.00,0.00,0.00,0.00
-136.82,60.72,0,0,0,0,0.19,230.36,902,16111,3.63,3.63,0.00,0.00,0.00,0.00,0.00,0.00,0.00,0.00
-136.58,60.57,0,0,0,0,0.19,230.57,902,16111,3.81,3.81,0.00,0.00,0.00,0.00,0.00,0.00,0.00,0.00
-136.34,60.43,0,0,0,0,0.19,230.78,902,16111,4.00,4.00,0.00,0.00,0.00,0.00,0.00,0.00,0.00,0.00
-136.10,60.28,0,0,0,0,0.20,230.79,902,16111,4.19,4.19,0.00,0.00,0.00,0.00,0.00,0.00,0.00,0.00
-135.85,60.13,0,0,0,0,0.20,231.01,902,16111,4.38,4.38,0.00,0.00,0.00,0.00,0.00,0.00,0.00,0.00
-135.60,59.98,0,0,0,0,0.20,231.22,902,16111,4.58,4.58,0.00,0.00,0.00,0.00,0.00,0.00,0.00,0.00
-135.36,59.83,0,0,0,0,0.20,231.43,902,16111,4.77,4.77,0.00,0.00,0.00,0.00,0.00,0.00,0.00,0.00
-135.12,59.68,0,0,0,0,0.20,231.64,902,16111,4.97,4.97,0.00,0.00,0.00,0.00,0.00,0.00,0.00,0.00
-134.88,59.52,0,0,0,0,0.20,231.85,902,16111,5.16,5.16,0.00,0.00,0.00,0.00,0.00,0.00,0.00,0.00
-134.64,59.37,0,0,0,0,0.20,232.05,902,16111,5.36,5.36,0.00,0.00,0.00,0.00,0.00,0.00,0.00,0.00
-134.41,59.21,0,0,0,0,0.20,232.25,902,16111,5.55,5.55,0.00,0.00,0.00,0.00,0.00,0.00,0.00,0.00
-134.18,59.06,0,0,0,0,0.20,232.45,902,16111,5.75,5.75,0.00,0.00,0.00,0.00,0.00,0.00,0.00,0.00
-133.95,58.90,0,0,0,0,0.20,232.65,902,16111,5.94,5.94,0.00,0.00,0.00,0.00,0.00,0.00,0.00,0.00
-133.72,58.75,0,0,0,0,0.20,232.84,902,16111,6.14,6.14,0.00,0.00,0.00,0.00,0.00,0.00,0.00,0.00
-133.49,58.59,0,0,0,0,0.20,233.04,902,16111,6.33,6.33,0.00,0.00,0.00,0.00,0.00,0.00,0.00,0.00
-133.27,58.44,0,0,0,0,0.20,233.23,902,16111,6.53,6.53,0.00,0.00,0.00,0.00,0.00,0.00,0.00,0.00
-133.06,58.28,0,0,0,0,0.19,238.79,902,16111,6.72,6.72,0.00,0.00,0.00,0.00,0.00,0.00,0.00,0.00
-132.87,58.11,0,0,0,0,0.19,238.95,902,16111,6.91,6.91,0.00,0.00,0.00,0.00,0.00,0.00,0.00,0.00
-132.69,57.95,0,0,0,0,0.19,239.11,902,16111,7.10,7.10,0.00,0.00,0.00,0.00,0.00,0.00,0.00,0.00
-132.50,57.79,0,0,0,0,0.19,239.26,902,16111,7.29,7.29,0.00,0.00,0.00,0.00,0.00,0.00,0.00,0.00
-132.32,57.62,0,0,0,0,0.19,239.42,902,16111,7.48,7.48,0.00,0.00,0.00,0.00,0.00,0.00,0.00,0.00
-132.14,57.46,0,0,0,0,0.19,239.57,902,16111,7.68,7.68,0.00,0.00,0.00,0.00,0.00,0.00,0.00,0.00
-131.96,57.29,0,0,0,0,0.19,239.72,902,16111,7.87,7.87,0.00,0.00,0.00,0.00,0.00,0.00,0.00,0.00
-131.79,57.13,0,0,0,0,0.19,239.87,902,16111,8.06,8.06,0.00,0.00,0.00,0.00,0.00,0.00,0.00,0.00
-131.61,56.96,0,0,0,0,0.19,240.01,902,16111,8.25,8.25,0.00,0.00,0.00,0.00,0.00,0.00,0.00,0.00
-131.44,56.80,0,0,0,0,0.19,240.16,902,16111,8.44,8.44,0.00,0.00,0.00,0.00,0.00,0.00,0.00,0.00
-131.26,56.63,0,0,0,0,0.19,240.31,902,16111,8.63,8.63,0.00,0.00,0.00,0.00,0.00,0.00,0.00,0.00
-131.09,56.47,0,0,0,0,0.19,240.45,902,16111,8.82,8.82,0.00,0.00,0.00,0.00,0.00,0.00,0.00,0.00
-130.92,56.30,0,0,0,0,0.19,240.59,902,16111,9.01,9.01,0.00,0.00,0.00,0.00,0.00,0.00,0.00,0.00
-130.75,56.13,0,0,0,0,0.19,240.73,902,16111,9.20,9.20,0.00,0.00,0.00,0.00,0.00,0.00,0.00,0.00
-130.59,55.97,0,0,0,0,0.19,240.87,902,16111,9.32,9.39,0.00,0.00,0.00,0.00,0.00,0.00,0.00,0.00
-130.42,55.80,0,0,0,0,0.19,241.00,902,16111,9.13,9.58,0.00,0.00,0.00,0.00,0.00,0.00,0.00,0.00
-130.26,55.63,0,0,0,0,0.19,241.14,902,16111,8.93,9.78,0.00,0.00,0.00,0.00,0.00,0.00,0.00,0.00
-130.08,55.47,0,0,0,0,0.20,235.89,902,16111,8.74,9.97,0.00,0.00,0.00,0.00,0.00,0.00,0.00,0.00
-129.88,55.30,0,0,0,0,0.20,236.05,902,16111,8.54,10.17,0.00,0.00,0.00,0.00,0.00,0.00,0.00,0.00
-129.69,55.14,0,0,0,0,0.20,236.21,902,16111,8.34,10.37,0.00,0.00,0.00,0.00,0.00,0.00,0.00,0.00
-129.50,54.97,0,0,0,0,0.20,236.37,902,16111,8.14,10.57,0.00,0.00,0.00,0.00,0.00,0.00,0.00,0.00
-129.31,54.81,0,0,0,0,0.20,236.52,902,16111,7.95,10.76,0.00,0.00,0.00,0.00,0.00,0.00,0.00,0.00
-129.12,54.64,0,0,0,0,0.20,236.68,902,16111,7.75,10.96,0.00,0.00,0.00,0.00,0.00,0.00,0.00,0.00
-128.93,54.48,0,0,0,0,0.20,236.83,902,16111,7.55,11.16,0.00,0.00,0.00,0.00,0.00,0.00,0.00,0.00
-128.74,54.31,0,0,0,0,0.20,236.98,902,16111,7.35,11.36,0.00,0.00,0.00,0.00,0.00,0.00,0.00,0.00
-128.56,54.14,0,0,0,0,0.20,237.13,902,16111,7.15,11.56,0.00,0.00,0.00,0.00,0.00,0.00,0.00,0.00
-128.37,53.98,0,0,0,0,0.20,237.28,902,16111,6.95,11.76,0.00,0.00,0.00,0.00,0.00,0.00,0.00,0.00
-128.19,53.81,0,0,0,0,0.20,237.43,902,16111,6.76,11.95,0.00,0.00,0.00,0.00,0.00,0.00,0.00,0.00
-128.00,53.65,0,0,0,0,0.19,232.27,902,16111,6.56,12.15,0.00,0.00,0.00,0.00,0.00,0.00,0.00,0.00
-127.80,53.50,0,0,0,0,0.19,232.43,902,16111,6.37,12.34,0.00,0.00,0.00,0.00,0.00,0.00,0.00,0.00
-127.61,53.34,0,0,0,0,0.19,232.58,902,16111,6.17,12.54,0.00,0.00,0.00,0.00,0.00,0.00,0.00,0.00
-127.41,53.19,0,0,0,0,0.19,232.74,902,16111,5.98,12.73,0.00,0.00,0.00,0.00,0.00,0.00,0.00,0.00
-127.22,53.04,0,0,0,0,0.19,232.90,902,16111,5.79,12.92,0.00,0.00,0.00,0.00,0.00,0.00,0.00,0.00
-127.03,52.88,0,0,0,0,0.19,233.05,902,16111,5.60,13.11,0.00,0.00,0.00,0.00,0.00,0.00,0.00,0.00
-126.83,52.73,0,0,0,0,0.19,233.20,902,16111,5.40,13.31,0.00,0.00,0.00,0.00,0.00,0.00,0.00,0.00
-126.64,52.57,0,0,0,0,0.19,233.35,902,16111,5.21,13.50,0.00,0.00,0.00,0.00,0.00,0.00,0.00,0.00
-126.48,49.03,0,0,0,0,0.18,70.43,902,101,4.56,4.56,0.00,0.00,0.00,0.00,0.00,0.00,0.00,0.00
-126.45,52.42,0,0,0,0,0.19,233.50,902,16111,5.02,13.69,0.00,0.00,0.00,0.00,0.00,0.00,0.00,0.00
-126.39,48.85,0,0,0,0,0.18,70.50,902,101,4.38,4.38,0.00,0.00,0.00,0.00,0.00,0.00,0.00,0.00
-126.30,48.68,0,0,0,0,0.18,70.57,902,101,4.20,4.20,0.00,0.00,0.00,0.00,0.00,0.00,0.00,0.00
-126.27,52.26,0,0,0,0,0.19,233.65,902,16111,4.82,13.89,0.00,0.00,0.00,0.00,0.00,0.00,0.00,0.00
-126.21,48.51,0,0,0,0,0.18,70.64,902,101,4.02,4.02,0.00,0.00,0.00,0.00,0.00,0.00,0.00,0.00
-126.12,48.34,0,0,0,0,0.18,70.71,902,101,3.83,3.83,0.00,0.00,0.00,0.00,0.00,0.00,0.00,0.00
-126.08,52.11,0,0,0,0,0.19,233.80,902,16111,4.63,14.08,0.00,0.00,0.00,0.00,0.00,0.00,0.00,0.00
-126.03,48.17,0,0,0,0,0.18,70.78,902,101,3.65,3.65,0.00,0.00,0.00,0.00,0.00,0.00,0.00,0.00
-125.94,47.99,0,0,0,0,0.18,70.84,902,101,3.47,3.47,0.00,0.00,0.00,0.00,0.00,0.00,0.00,0.00
-125.90,51.95,0,0,0,0,0.19,233.94,902,16111,4.44,14.27,0.00,0.00,0.00,0.00,0.00,0.00,0.00,0.00
-125.89,44.66,0,0,0,0,0.19,93.82,902,101,0.09,0.09,0.00,0.00,0.00,0.00,0.00,0.00,0.00,0.00
-125.88,44.85,0,0,0,0,0.19,93.83,902,101,0.28,0.28,0.00,0.00,0.00,0.00,0.00,0.00,0.00,0.00
-125.86,45.04,0,0,0,0,0.19,93.84,902,101,0.47,0.47,0.00,0.00,0.00,0.00,0.00,0.00,0.00,0.00
-125.85,47.82,0,0,0,0,0.18,70.91,902,101,3.28,3.28,0.00,0.00,0.00,0.00,0.00,0.00,0.00,0.00
-125.84,45.23,0,0,0,0,0.19,93.85,902,101,0.66,0.66,0.00,0.00,0.00,0.00,0.00,0.00,0.00,0.00
-125.82,45.41,0,0,0,0,0.19,93.87,902,101,0.85,0.85,0.00,0.00,0.00,0.00,0.00,0.00,0.00,0.00
-125.80,45.60,0,0,0,0,0.19,93.88,902,101,1.04,1.04,0.00,0.00,0.00,0.00,0.00,0.00,0.00,0.00
-125.79,45.79,0,0,0,0,0.19,93.89,902,101,1.23,1.23,0.00,0.00,0.00,0.00,0.00,0.00,0.00,0.00
-125.77,45.98,0,0,0,0,0.19,93.91,902,101,1.41,1.41,0.00,0.00,0.00,0.00,0.00,0.00,0.00,0.00
-125.76,47.65,0,0,0,0,0.18,70.98,902,101,3.10,3.10,0.00,0.00,0.00,0.00,0.00,0.00,0.00,0.00
-125.75,46.17,0,0,0,0,0.19,93.92,902,101,1.60,1.60,0.00,0.00,0.00,0.00,0.00,0.00,0.00,0.00
-125.73,46.35,0,0,0,0,0.19,93.93,902,101,1.79,1.79,0.00,0.00,0.00,0.00,0.00,0.00,0.00,0.00
-125.71,51.80,0,0,0,0,0.19,234.09,902,16111,4.25,14.46,0.00,0.00,0.00,0.00,0.00,0.00,0.00,0.00
-125.71,46.54,0,0,0,0,0.19,93.95,902,101,1.98,1.98,0.00,0.00,0.00,0.00,0.00,0.00,0.00,0.00
-125.69,46.73,0,0,0,0,0.19,93.96,902,101,2.17,2.17,0.00,0.00,0.00,0.00,0.00,0.00,0.00,0.00
-125.67,46.92,0,0,0,0,0.19,93.97,902,101,2.36,2.36,0.00,0.00,0.00,0.00,0.00,0.00,0.00,0.00
-125.67,47.47,0,0,0,0,0.18,71.04,902,101,2.92,2.92,0.00,0.00,0.00,0.00,0.00,0.00,0.00,0.00
-125.65,47.11,0,0,0,0,0.19,93.99,902,101,2.54,2.54,0.00,0.00,0.00,0.00,0.00,0.00,0.00,0.00
-125.64,47.29,0,0,0,0,0.19,94.00,902,101,2.73,2.73,0.00,0.00,0.00,0.00,0.00,0.00,0.00,0.00
-125.53,51.64,0,0,0,0,0.19,234.23,902,16111,4.05,14.66,0.00,0.00,0.00,0.00,0.00,0.00,0.00,0.00
-125.35,51.48,0,0,0,0,0.19,234.37,902,16111,3.86,14.85,0.00,0.00,0.00,0.00,0.00,0.00,0.00,0.00
-125.15,51.34,0,0,0,0,0.19,226.09,902,16111,3.67,15.04,0.00,0.00,0.00,0.00,0.00,0.00,0.00,0.00
-124.94,51.20,0,0,0,0,0.19,226.25,902,16111,3.47,15.24,0.00,0.00,0.00,0.00,0.00,0.00,0.00,0.00
-124.73,51.06,0,0,0,0,0.19,226.42,902,16111,3.28,15.43,0.00,0.00,0.00,0.00,0.00,0.00,0.00,0.00
-124.51,50.92,0,0,0,0,0.19,226.58,902,16111,3.09,15.62,0.00,0.00,0.00,0.00,0.00,0.00,0.00,0.00
-124.30,50.77,0,0,0,0,0.19,226.75,902,16111,2.89,15.82,0.00,0.00,0.00,0.00,0.00,0.00,0.00,0.00
-124.09,50.63,0,0,0,0,0.19,226.91,902,16111,2.70,16.01,0.00,0.00,0.00,0.00,0.00,0.00,0.00,0.00
-123.89,50.49,0,0,0,0,0.19,227.07,902,16111,2.51,16.20,0.00,0.00,0.00,0.00,0.00,0.00,0.00,0.00
-123.68,50.35,0,0,0,0,0.19,227.23,902,16111,2.31,16.40,0.00,0.00,0.00,0.00,0.00,0.00,0.00,0.00
-123.47,50.21,0,0,0,0,0.19,227.39,902,16111,2.12,16.59,0.00,0.00,0.00,0.00,0.00,0.00,0.00,0.00
-123.27,50.07,0,0,0,0,0.19,227.54,902,16111,1.93,16.78,0.00,0.00,0.00,0.00,0.00,0.00,0.00,0.00
-123.07,49.92,0,0,0,0,0.19,227.70,902,16111,1.73,16.98,0.00,0.00,0.00,0.00,0.00,0.00,0.00,0.00
-122.87,49.78,0,0,0,0,0.19,227.85,902,16111,1.54,17.17,0.00,0.00,0.00,0.00,0.00,0.00,0.00,0.00
-122.67,49.64,0,0,0,0,0.19,228.01,902,16111,1.34,17.37,0.00,0.00,0.00,0.00,0.00,0.00,0.00,0.00
-122.47,49.49,0,0,0,0,0.19,228.16,902,16111,1.15,17.56,0.00,0.00,0.00,0.00,0.00,0.00,0.00,0.00
-122.30,49.34,0,0,0,0,0.18,238.71,902,16111,0.97,17.74,0.00,0.00,0.00,0.00,0.00,0.00,0.00,0.00
-122.16,49.19,0,0,0,0,0.18,238.82,902,16111,0.79,17.92,0.00,0.00,0.00,0.00,0.00,0.00,0.00,0.00
-122.02,49.04,0,0,0,0,0.18,238.92,902,16111,0.62,18.09,0.00,0.00,0.00,0.00,0.00,0.00,0.00,0.00
-121.88,48.89,0,0,0,0,0.18,239.03,902,16111,0.44,18.27,0.00,0.00,0.00,0.00,0.00,0.00,0.00,0.00
-121.74,48.74,0,0,0,0,0.18,239.13,902,16111,0.26,18.45,0.00,0.00,0.00,0.00,0.00,0.00,0.00,0.00
-121.61,48.59,0,0,0,0,0.18,239.23,902,16111,0.09,18.62,0.00,0.00,0.00,0.00,0.00,0.00,0.00,0.00
91.41,23.58,0,0,0,0,0.20,140.49,926,801,58.92,218.50,0.00,0.00,0.00,0.00,0.00,0.00,0.00,0.00
91.58,23.71,0,0,0,0,0.20,140.56,926,801,58.72,218.70,0.00,0.00,0.00,0.00,0.00,0.00,0.00,0.00
91.75,23.83,0,0,0,0,0.20,140.63,926,801,58.52,218.90,0.00,0.00,0.00,0.00,0.00,0.00,0.00,0.00
91.91,23.96,0,0,0,0,0.20,140.70,926,801,58.32,219.10,0.00,0.00,0.00,0.00,0.00,0.00,0.00,0.00
92.08,24.09,0,0,0,0,0.20,140.77,926,801,58.12,219.30,0.00,0.00,0.00,0.00,0.00,0.00,0.00,0.00
92.25,24.21,0,0,0,0,0.20,140.83,926,801,57.92,219.50,0.00,0.00,0.00,0.00,0.00,0.00,0.00,0.00
92.42,24.34,0,0,0,0,0.20,140.90,926,801,57.72,219.70,0.00,0.00,0.00,0.00,0.00,0.00,0.00,0.00
92.59,24.47,0,0,0,0,0.20,140.97,926,801,57.53,219.90,0.00,0.00,0.00,0.00,0.00,0.00,0.00,0.00
92.76,24.59,0,0,0,0,0.20,141.05,926,801,57.33,220.10,0.00,0.00,0.00,0.00,0.00,0.00,0.00,0.00
92.93,24.72,0,0,0,0,0.20,141.12,926,801,57.13,220.30,0.00,0.00,0.00,0.00,0.00,0.00,0.00,0.00
93.11,24.84,0,0,0,0,0.20,141.19,926,801,56.93,220.50,0.00,0.00,0.00,0.00,0.00,0.00,0.00,0.00
93.28,24.97,0,0,0,0,0.20,141.26,926,801,56.73,220.69,0.00,0.00,0.00,0.00,0.00,0.00,0.00,0.00
93.45,25.09,0,0,0,0,0.20,141.33,926,801,56.53,220.89,0.00,0.00,0.00,0.00,0.00,0.00,0.00,0.00
93.62,25.22,0,0,0,0,0.20,141.41,926,801,56.33,221.09,0.00,0.00,0.00,0.00,0.00,0.00,0.00,0.00
93.79,25.34,0,0,0,0,0.20,141.48,926,801,56.13,221.29,0.00,0.00,0.00,0.00,0.00,0.00,0.00,0.00
93.97,25.46,0,0,0,0,0.20,141.55,926,801,55.93,221.49,0.00,0.00,0.00,0.00,0.00,0.00,0.00,0.00
94.14,25.59,0,0,0,0,0.20,141.63,926,801,55.73,221.69,0.00,0.00,0.00,0.00,0.00,0.00,0.00,0.00
94.31,25.71,0,0,0,0,0.20,141.70,926,801,55.53,221.89,0.00,0.00,0.00,0.00,0.00,0.00,0.00,0.00
94.49,25.83,0,0,0,0,0.20,141.78,926,801,55.33,222.09,0.00,0.00,0.00,0.00,0.00,0.00,0.00,0.00
94.66,25.96,0,0,0,0,0.20,141.86,926,801,55.13,222.29,0.00,0.00,0.00,0.00,0.00,0.00,0.00,0.00
94.84,26.08,0,0,0,0,0.20,141.93,926,801,54.93,222.49,0.00,0.00,0.00,0.00,0.00,0.00,0.00,0.00
95.01,26.20,0,0,0,0,0.20,142.01,926,801,54.73,222.69,0.00,0.00,0.00,0.00,0.00,0.00,0.00,0.00
95.19,26.33,0,0,0,0,0.20,142.09,926,801,54.53,222.89,0.00,0.00,0.00,0.00,0.00,0.00,0.00,0.00
95.36,26.45,0,0,0,0,0.20,142.17,926,801,54.33,223.09,0.00,0.00,0.00,0.00,0.00,0.00,0.00,0.00
95.54,26.57,0,0,0,0,0.20,142.24,926,801,54.13,223.29,0.00,0.00,0.00,0.00,0.00,0.00,0.00,0.00
95.71,26.69,0,0,0,0,0.20,142.32,926,801,53.93,223.49,0.00,0.00,0.00,0.00,0.00,0.00,0.00,0.00
95.89,26.82,0,0,0,0,0.20,142.40,926,801,53.73,223.69,0.00,0.00,0.00,0.00,0.00,0.00,0.00,0.00
96.07,26.94,0,0,0,0,0.20,142.48,926,801,53.54,223.89,0.00,0.00,0.00,0.00,0.00,0.00,0.00,0.00
96.25,27.06,0,0,0,0,0.20,142.56,926,801,53.34,224.09,0.00,0.00,0.00,0.00,0.00,0.00,0.00,0.00
96.42,27.18,0,0,0,0,0.20,142.64,926,801,53.14,224.29,0.00,0.00,0.00,0.00,0.00,0.00,0.00,0.00
96.60,27.30,0,0,0,0,0.20,142.73,926,801,52.94,224.49,0.00,0.00,0.00,0.00,0.00,0.00,0.00,0.00
96.78,27.42,0,0,0,0,0.20,142.81,926,801,52.74,224.68,0.00,0.00,0.00,0.00,0.00,0.00,0.00,0.00
96.96,27.54,0,0,0,0,0.20,142.89,926,801,52.54,224.88,0.00,0.00,0.00,0.00,0.00,0.00,0.00,0.00
97.14,27.66,0,0,0,0,0.20,142.97,926,801,52.34,225.08,0.00,0.00,0.00,0.00,0.00,0.00,0.00,0.00
97.32,27.78,0,0,0,0,0.20,143.06,926,801,52.14,225.28,0.00,0.00,0.00,0.00,0.00,0.00,0.00,0.00
97.50,27.90,0,0,0,0,0.20,143.14,926,801,51.94,225.48,0.00,0.00,0.00,0.00,0.00,0.00,0.00,0.00
97.68,28.02,0,0,0,0,0.20,143.23,926,801,51.74,225.68,0.00,0.00,0.00,0.00,0.00,0.00,0.00,0.00
97.86,28.14,0,0,0,0,0.20,143.31,926,801,51.54,225.88,0.00,0.00,0.00,0.00,0.00,0.00,0.00,0.00
98.05,28.26,0,0,0,0,0.20,143.40,926,801,51.34,226.08,0.00,0.00,0.00,0.00,0.00,0.00,0.00,0.00
98.23,28.38,0,0,0,0,0.20,143.48,926,801,51.14,226.28,0.00,0.00,0.00,0.00,0.00,0.00,0.00,0.00
98.41,28.50,0,0,0,0,0.20,143.57,926,801,50.94,226.48,0.00,0.00,0.00,0.00,0.00,0.00,0.00,0.00
98.59,28.62,0,0,0,0,0.20,143.66,926,801,50.74,226.68,0.00,0.00,0.00,0.00,0.00,0.00,0.00,0.00
98.78,28.73,0,0,0,0,0.20,143.75,926,801,50.54,226.88,0.00,0.00,0.00,0.00,0.00,0.00,0.00,0.00
98.96,28.85,0,0,0,0,0.20,143.84,926,801,50.34,227.08,0.00,0.00,0.00,0.00,0.00,0.00,0.00,0.00
99.14,28.97,0,0,0,0,0.20,143.92,926,801,50.14,227.28,0.00,0.00,0.00,0.00,0.00,0.00,0.00,0.00
99.33,29.09,0,0,0,0,0.20,144.01,926,801,49.94,227.48,0.00,0.00,0.00,0.00,0.00,0.00,0.00,0.00
99.51,29.20,0,0,0,0,0.20,144.10,926,801,49.75,227.68,0.00,0.00,0.00,0.00,0.00,0.00,0.00,0.00
99.70,29.32,0,0,0,0,0.20,144.19,926,801,49.55,227.88,0.00,0.00,0.00,0.00,0.00,0.00,0.00,0.00
99.88,29.44,0,0,0,0,0.20,144.29,926,801,49.35,228.08,0.00,0.00,0.00,0.00,0.00,0.00,0.00,0.00
100.07,29.55,0,0,0,0,0.20,144.38,926,801,49.15,228.28,0.00,0.00,0.00,0.00,0.00,0.00,0.00,0.00
100.25,49.43,0,0,0,0,0.20,352.17,380,301,0.10,34.67,0.00,0.00,0.00,0.00,0.00,0.00,0.00,0.00
100.26,29.67,0,0,0,0,0.20,144.47,926,801,48.95,228.47,0.00,0.00,0.00,0.00,0.00,0.00,0.00,0.00
100.44,29.79,0,0,0,0,0.20,144.56,926,801,48.75,228.67,0.00,0.00,0.00,0.00,0.00,0.00,0.00,0.00
100.55,49.45,0,0,0,0,0.20,352.40,380,301,0.30,34.48,0.00,0.00,0.00,0.00,0.00,0.00,0.00,0.00
100.63,29.90,0,0,0,0,0.20,144.66,926,801,48.55,228.87,0.00,0.00,0.00,0.00,0.00,0.00,0.00,0.00
100.82,30.02,0,0,0,0,0.20,144.75,926,801,48.35,229.07,0.00,0.00,0.00,0.00,0.00,0.00,0.00,0.00
100.85,49.48,0,0,0,0,0.20,352.63,380,301,0.49,34.28,0.00,0.00,0.00,0.00,0.00,0.00,0.00,0.00
101.01,30.13,0,0,0,0,0.20,144.84,926,801,48.15,229.27,0.00,0.00,0.00,0.00,0.00,0.00,0.00,0.00
101.15,49.50,0,0,0,0,0.20,352.86,380,301,0.69,34.08,0.00,0.00,0.00,0.00,0.00,0.00,0.00,0.00
101.20,30.25,0,0,0,0,0.20,144.94,926,801,47.95,229.47,0.00,0.00,0.00,0.00,0.00,0.00,0.00,0.00
101.39,30.36,0,0,0,0,0.20,145.03,926,801,47.75,229.67,0.00,0.00,0.00,0.00,0.00,0.00,0.00,0.00
101.45,49.53,0,0,0,0,0.20,353.09,380,301,0.89,33.89,0.00,0.00,0.00,0.00,0.00,0.00,0.00,0.00
101.58,30.47,0,0,0,0,0.20,145.13,926,801,47.55,229.87,0.00,0.00,0.00,0.00,0.00,0.00,0.00,0.00
101.75,49.55,0,0,0,0,0.20,353.32,380,301,1.08,33.69,0.00,0.00,0.00,0.00,0.00,0.00,0.00,0.00
101.77,30.59,0,0,0,0,0.20,145.23,926,801,47.35,230.07,0.00,0.00,0.00,0.00,0.00,0.00,0.00,0.00
101.96,30.70,0,0,0,0,0.20,145.32,926,801,47.15,230.27,0.00,0.00,0.00,0.00,0.00,0.00,0.00,0.00
102.05,49.57,0,0,0,0,0.20,353.55,380,301,1.28,33.49,0.00,0.00,0.00,0.00,0.00,0.00,0.00,0.00
102.15,30.82,0,0,0,0,0.20,145.42,926,801,46.95,230.47,0.00,0.00,0.00,0.00,0.00,0.00,0.00,0.00
102.34,30.93,0,0,0,0,0.20,145.52,926,801,46.75,230.67,0.00,0.00,0.00,0.00,0.00,0.00,0.00,0.00
102.36,49.60,0,0,0,0,0.20,353.77,380,301,1.48,33.30,0.00,0.00,0.00,0.00,0.00,0.00,0.00,0.00
102.53,31.04,0,0,0,0,0.20,145.62,926,801,46.55,230.87,0.00,0.00,0.00,0.00,0.00,0.00,0.00,0.00
102.66,49.62,0,0,0,0,0.20,354.00,380,301,1.67,33.10,0.00,0.00,0.00,0.00,0.00,0.00,0.00,0.00
102.72,31.15,0,0,0,0,0.20,145.72,926,801,46.35,231.07,0.00,0.00,0.00,0.00,0.00,0.00,0.00,0.00
102.92,31.27,0,0,0,0,0.20,145.82,926,801,46.15,231.27,0.00,0.00,0.00,0.00,0.00,0.00,0.00,0.00
102.96,49.64,0,0,0,0,0.20,354.23,380,301,1.87,32.90,0.00,0.00,0.00,0.00,0.00,0.00,0.00,0.00
103.11,31.38,0,0,0,0,0.20,145.92,926,801,45.95,231.47,0.00,0.00,0.00,0.00,0.00,0.00,0.00,0.00
103.26,49.66,0,0,0,0,0.20,354.47,380,301,2.07,32.71,0.00,0.00,0.00,0.00,0.00,0.00,0.00,0.00
103.30,31.49,0,0,0,0,0.20,146.02,926,801,45.76,231.67,0.00,0.00,0.00,0.00,0.00,0.00,0.00,0.00
103.50,31.60,0,0,0,0,0.20,146.12,926,801,45.56,231.87,0.00,0.00,0.00,0.00,0.00,0.00,0.00,0.00
103.57,49.67,0,0,0,0,0.20,354.70,380,301,2.26,32.51,0.00,0.00,0.00,0.00,0.00,0.00,0.00,0.00
103.69,31.71,0,0,0,0,0.20,146.22,926,801,45.36,232.07,0.00,0.00,0.00,0.00,0.00,0.00,0.00,0.00
103.87,49.69,0,0,0,0,0.20,354.93,380,301,2.46,32.31,0.00,0.00,0.00,0.00,0.00,0.00,0.00,0.00
103.89,31.82,0,0,0,0,0.20,146.33,926,801,45.16,232.27,0.00,0.00,0.00,0.00,0.00,0.00,0.00,0.00
104.08,31.93,0,0,0,0,0.20,146.43,926,801,44.96,232.46,0.00,0.00,0.00,0.00,0.00,0.00,0.00,0.00
104.17,49.71,0,0,0,0,0.20,355.16,380,301,2.66,32.12,0.00,0.00,0.00,0.00,0.00,0.00,0.00,0.00
104.28,32.04,0,0,0,0,0.20,146.53,926,801,44.76,232.66,0.00,0.00,0.00,0.00,0.00,0.00,0.00,0.00
104.47,49.73,0,0,0,0,0.20,355.39,380,301,2.85,31.92,0.00,0.00,0.00,0.00,0.00,0.00,0.00,0.00
104.48,32.15,0,0,0,0,0.20,146.64,926,801,44.56,232.86,0.00,0.00,0.00,0.00,0.00,0.00,0.00,0.00
104.67,32.26,0,0,0,0,0.20,146.74,926,801,44.36,233.06,0.00,0.00,0.00,0.00,0.00,0.00,0.00,0.00
104.78,49.74,0,0,0,0,0.20,355.62,380,301,3.05,31.72,0.00,0.00,0.00,0.00,0.00,0.00,0.00,0.00
104.87,32.37,0,0,0,0,0.20,146.85,926,801,44.16,233.26,0.00,0.00,0.00,0.00,0.00,0.00,0.00,0.00
105.05,49.80,0,0,0,0,0.19,325.40,380,301,3.25,31.53,0.00,0.00,0.00,0.00,0.00,0.00,0.00,0.00
105.07,32.48,0,0,0,0,0.20,146.95,926,801,43.96,233.46,0.00,0.00,0.00,0.00,0.00,0.00,0.00,0.00
105.27,32.59,0,0,0,0,0.20,147.06,926,801,43.76,233.66,0.00,0.00,0.00,0.00,0.00,0.00,0.00,0.00
105.30,49.91,0,0,0,0,0.19,325.59,380,301,3.44,31.33,0.00,0.00,0.00,0.00,0.00,0.00,0.00,0.00
105.47,32.70,0,0,0,0,0.20,147.17,926,801,43.56,233.86,0.00,0.00,0.00,0.00,0.00,0.00,0.00,0.00
105.55,50.02,0,0,0,0,0.19,325.78,380,301,3.63,31.14,0.00,0.00,0.00,0.00,0.00,0.00,0.00,0.00
105.66,32.81,0,0,0,0,0.20,147.28,926,801,43.36,234.06,0.00,0.00,0.00,0.00,0.00,0.00,0.00,0.00
105.80,50.13,0,0,0,0,0.19,325.97,380,301,3.83,30.95,0.00,0.00,0.00,0.00,0.00,0.00,0.00,0.00
105.86,32.91,0,0,0,0,0.20,147.38,926,801,43.16,234.26,0.00,0.00,0.00,0.00,0.00,0.00,0.00,0.00
106.05,50.24,0,0,0,0,0.19,326.16,380,301,4.02,30.75,0.00,0.00,0.00,0.00,0.00,0.00,0.00,0.00
106.06,33.02,0,0,0,0,0.20,147.49,926,801,42.96,234.46,0.00,0.00,0.00,0.00,0.00,0.00,0.00,0.00
106.27,33.13,0,0,0,0,0.20,147.60,926,801,42.76,234.66,0.00,0.00,0.00,0.00,0.00,0.00,0.00,0.00
106.30,50.35,0,0,0,0,0.19,326.35,380,301,4.21,30.56,0.00,0.00,0.00,0.00,0.00,0.00,0.00,0.00
106.47,33.23,0,0,0,0,0.20,147.71,926,801,42.56,234.86,0.00,0.00,0.00,0.00,0.00,0.00,0.00,0.00
106.56,50.45,0,0,0,0,0.19,326.55,380,301,4.41,30.36,0.00,0.00,0.00,0.00,0.00,0.00,0.00,0.00
106.67,33.34,0,0,0,0,0.20,147.82,926,801,42.36,235.06,0.00,0.00,0.00,0.00,0.00,0.00,0.00,0.00
106.81,50.56,0,0,0,0,0.19,326.75,380,301,4.60,30.17,0.00,0.00,0.00,0.00,0.00,0.00,0.00,0.00
106.87,33.45,0,0,0,0,0.20,147.94,926,801,42.16,235.26,0.00,0.00,0.00,0.00,0.00,0.00,0.00,0.00
107.07,50.67,0,0,0,0,0.19,326.94,380,301,4.79,29.98,0.00,0.00,0.00,0.00,0.00,0.00,0.00,0.00
107.07,33.55,0,0,0,0,0.20,148.05,926,801,41.96,235.46,0.00,0.00,0.00,0.00,0.00,0.00,0.00,0.00
107.28,33.66,0,0,0,0,0.20,148.16,926,801,41.77,235.66,0.00,0.00,0.00,0.00,0.00,0.00,0.00,0.00
107.32,50.77,0,0,0,0,0.19,327.14,380,301,4.99,29.78,0.00,0.00,0.00,0.00,0.00,0.00,0.00,0.00
107.48,33.76,0,0,0,0,0.20,148.27,926,801,41.57,235.86,0.00,0.00,0.00,0.00,0.00,0.00,0.00,0.00
107.58,50.88,0,0,0,0,0.19,327.34,380,301,5.18,29.59,0.00,0.00,0.00,0.00,0.00,0.00,0.00,0.00
107.69,33.87,0,0,0,0,0.20,148.39,926,801,41.37,236.06,0.00,0.00,0.00,0.00,0.00,0.00,0.00,0.00
107.84,50.98,0,0,0,0,0.19,327.54,380,301,5.38,29.40,0.00,0.00,0.00,0.00,0.00,0.00,0.00,0.00
107.89,33.97,0,0,0,0,0.20,148.50,926,801,41.17,236.26,0.00,0.00,0.00,0.00,0.00,0.00,0.00,0.00
108.10,34.08,0,0,0,0,0.20,148.62,926,801,40.97,236.45,0.00,0.00,0.00,0.00,0.00,0.00,0.00,0.00
108.10,51.08,0,0,0,0,0.19,327.74,380,301,5.57,29.20,0.00,0.00,0.00,0.00,0.00,0.00,0.00,0.00
108.30,34.18,0,0,0,0,0.20,148.73,926,801,40.77,236.65,0.00,0.00,0.00,0.00,0.00,0.00,0.00,0.00
108.36,51.19,0,0,0,0,0.19,327.95,380,301,5.76,29.01,0.00,0.00,0.00,0.00,0.00,0.00,0.00,0.00
108.51,34.28,0,0,0,0,0.20,148.85,926,801,40.57,236.85,0.00,0.00,0.00,0.00,0.00,0.00,0.00,0.00
108.62,51.29,0,0,0,0,0.19,328.15,380,301,5.96,28.82,0.00,0.00,0.00,0.00,0.00,0.00,0.00,0.00
108.72,34.39,0,0,0,0,0.20,148.96,926,801,40.37,237.05,0.00,0.00,0.00,0.00,0.00,0.00,0.00,0.00
108.89,51.39,0,0,0,0,0.19,328.36,380,301,6.15,28.62,0.00,0.00,0.00,0.00,0.00,0.00,0.00,0.00
108.92,34.49,0,0,0,0,0.20,149.08,926,801,40.17,237.25,0.00,0.00,0.00,0.00,0.00,0.00,0.00,0.00
109.13,34.59,0,0,0,0,0.20,149.20,926,801,39.97,237.45,0.00,0.00,0.00,0.00,0.00,0.00,0.00,0.00
109.15,51.49,0,0,0,0,0.19,328.57,380,301,6.34,28.43,0.00,0.00,0.00,0.00,0.00,0.00,0.00,0.00
109.34,34.69,0,0,0,0,0.20,149.32,926,801,39.77,237.65,0.00,0.00,0.00,0.00,0.00,0.00,0.00,0.00
109.42,51.59,0,0,0,0,0.19,328.77,380,301,6.54,28.23,0.00,0.00,0.00,0.00,0.00,0.00,0.00,0.00
109.55,34.80,0,0,0,0,0.20,149.44,926,801,39.57,237.85,0.00,0.00,0.00,0.00,0.00,0.00,0.00,0.00
109.70,51.67,0,0,0,0,0.19,342.60,380,301,6.73,28.04,0.00,0.00,0.00,0.00,0.00,0.00,0.00,0.00
109.76,34.90,0,0,0,0,0.20,149.56,926,801,39.37,238.05,0.00,0.00,0.00,0.00,0.00,0.00,0.00,0.00
109.97,35.00,0,0,0,0,0.20,149.68,926,801,39.17,238.25,0.00,0.00,0.00,0.00,0.00,0.00,0.00,0.00
109.99,51.73,0,0,0,0,0.19,342.83,380,301,6.92,27.85,0.00,0.00,0.00,0.00,0.00,0.00,0.00,0.00
110.18,35.10,0,0,0,0,0.20,149.80,926,801,38.97,238.45,0.00,0.00,0.00,0.00,0.00,0.00,0.00,0.00
110.28,51.78,0,0,0,0,0.19,343.06,380,301,7.11,27.66,0.00,0.00,0.00,0.00,0.00,0.00,0.00,0.00
110.39,35.20,0,0,0,0,0.20,149.92,926,801,38.77,238.65,0.00,0.00,0.00,0.00,0.00,0.00,0.00,0.00
110.58,51.84,0,0,0,0,0.19,343.30,380,301,7.30,27.47,0.00,0.00,0.00,0.00,0.00,0.00,0.00,0.00
110.60,35.30,0,0,0,0,0.20,150.04,926,801,38.57,238.85,0.00,0.00,0.00,0.00,0.00,0.00,0.00,0.00
110.81,35.40,0,0,0,0,0.20,150.16,926,801,38.37,239.05,0.00,0.00,0.00,0.00,0.00,0.00,0.00,0.00
110.87,51.89,0,0,0,0,0.19,343.53,380,301,7.49,27.28,0.00,0.00,0.00,0.00,0.00,0.00,0.00,0.00
111.02,35.50,0,0,0,0,0.20,150.29,926,801,38.17,239.25,0.00,0.00,0.00,0.00,0.00,0.00,0.00,0.00
111.17,51.95,0,0,0,0,0.19,343.76,380,301,7.68,27.09,0.00,0.00,0.00,0.00,0.00,0.00,0.00,0.00
111.24,35.59,0,0,0,0,0.20,150.41,926,801,37.98,239.45,0.00,0.00,0.00,0.00,0.00,0.00,0.00,0.00
111.45,35.69,0,0,0,0,0.20,150.54,926,801,37.78,239.65,0.00,0.00,0.00,0.00,0.00,0.00,0.00,0.00
111.46,52.00,0,0,0,0,0.19,343.99,380,301,7.87,26.90,0.00,0.00,0.00,0.00,0.00,0.00,0.00,0.00
111.67,35.79,0,0,0,0,0.20,150.66,926,801,37.58,239.85,0.00,0.00,0.00,0.00,0.00,0.00,0.00,0.00
111.76,52.05,0,0,0,0,0.19,344.23,380,301,8.06,26.71,0.00,0.00,0.00,0.00,0.00,0.00,0.00,0.00
111.88,35.89,0,0,0,0,0.20,150.79,926,801,37.38,240.05,0.00,0.00,0.00,0.00,0.00,0.00,0.00,0.00
112.06,52.10,0,0,0,0,0.19,344.46,380,301,8.25,26.52,0.00,0.00,0.00,0.00,0.00,0.00,0.00,0.00
112.10,35.99,0,0,0,0,0.20,150.91,926,801,37.18,240.24,0.00,0.00,0.00,0.00,0.00,0.00,0.00,0.00
112.31,36.08,0,0,0,0,0.20,151.04,926,801,36.98,240.44,0.00,0.00,0.00,0.00,0.00,0.00,0.00,0.00
112.35,52.15,0,0,0,0,0.19,344.70,380,301,8.44,26.33,0.00,0.00,0.00,0.00,0.00,0.00,0.00,0.00
112.53,36.18,0,0,0,0,0.20,151.17,926,801,36.78,240.64,0.00,0.00,0.00,0.00,0.00,0.00,0.00,0.00
112.65,52.20,0,0,0,0,0.19,344.93,380,301,8.63,26.14,0.00,0.00,0.00,0.00,0.00,0.00,0.00,0.00
112.74,36.28,0,0,0,0,0.20,151.30,926,801,36.58,240.84,0.00,0.00,0.00,0.00,0.00,0.00,0.00,0.00
112.95,52.20,0,0,0,0,0.19,15.09,380,301,8.81,25.96,0.00,0.00,0.00,0.00,0.00,0.00,0.00,0.00
112.96,36.37,0,0,0,0,0.20,151.42,926,801,36.38,241.04,0.00,0.00,0.00,0.00,0.00,0.00,0.00,0.00
113.18,36.47,0,0,0,0,0.20,151.55,926,801,36.18,241.24,0.00,0.00,0.00,0.00,0.00,0.00,0.00,0.00
113.24,52.16,0,0,0,0,0.19,15.32,380,301,9.00,25.77,0.00,0.00,0.00,0.00,0.00,0.00,0.00,0.00
113.40,36.56,0,0,0,0,0.20,151.68,926,801,35.98,241.44,0.00,0.00,0.00,0.00,0.00,0.00,0.00,0.00
113.53,52.11,0,0,0,0,0.19,15.55,380,301,9.18,25.59,0.00,0.00,0.00,0.00,0.00,0.00,0.00,0.00
113.62,36.66,0,0,0,0,0.20,151.81,926,801,35.78,241.64,0.00,0.00,0.00,0.00,0.00,0.00,0.00,0.00
113.82,52.06,0,0,0,0,0.19,15.78,380,301,9.37,25.40,0.00,0.00,0.00,0.00,0.00,0.00,0.00,0.00
113.84,36.75,0,0,0,0,0.20,151.95,926,801,35.58,241.84,0.00,0.00,0.00,0.00,0.00,0.00,0.00,0.00
114.06,36.84,0,0,0,0,0.20,152.08,926,801,35.38,242.04,0.00,0.00,0.00,0.00,0.00,0.00,0.00,0.00
114.11,52.01,0,0,0,0,0.19,16.01,380,301,9.55,25.22,0.00,0.00,0.00,0.00,0.00,0.00,0.00,0.00
114.28,36.94,0,0,0,0,0.20,152.21,926,801,35.18,242.24,0.00,0.00,0.00,0.00,0.00,0.00,0.00,0.00
114.40,51.95,0,0,0,0,0.19,16.24,380,301,9.74,25.03,0.00,0.00,0.00,0.00,0.00,0.00,0.00,0.00
114.50,37.03,0,0,0,0,0.20,152.34,926,801,34.98,242.44,0.00,0.00,0.00,0.00,0.00,0.00,0.00,0.00
114.69,51.90,0,0,0,0,0.19,16.46,380,301,9.92,24.85,0.00,0.00,0.00,0.00,0.00,0.00,0.00,0.00
114.72,37.12,0,0,0,0,0.20,152.48,926,801,34.78,242.64,0.00,0.00,0.00,0.00,0.00,0.00,0.00,0.00
114.94,37.21,0,0,0,0,0.20,152.61,926,801,34.58,242.84,0.00,0.00,0.00,0.00,0.00,0.00,0.00,0.00
114.97,51.85,0,0,0,0,0.19,16.69,380,301,10.11,24.66,0.00,0.00,0.00,0.00,0.00,0.00,0.00,0.00
115.16,37.30,0,0,0,0,0.20,152.75,926,801,34.38,243.04,0.00,0.00,0.00,0.00,0.00,0.00,0.00,0.00
115.26,51.80,0,0,0,0,0.19,16.91,380,301,10.29,24.48,0.00,0.00,0.00,0.00,0.00,0.00,0.00,0.00
115.39,37.40,0,0,0,0,0.20,152.88,926,801,34.18,243.24,0.00,0.00,0.00,0.00,0.00,0.00,0.00,0.00
115.54,51.74,0,0,0,0,0.19,17.14,380,301,10.48,24.29,0.00,0.00,0.00,0.00,0.00,0.00,0.00,0.00
115.61,37.49,0,0,0,0,0.20,153.02,926,801,33.99,243.44,0.00,0.00,0.00,0.00,0.00,0.00,0.00,0.00
115.83,51.69,0,0,0,0,0.19,17.36,380,301,10.66,24.11,0.00,0.00,0.00,0.00,0.00,0.00,0.00,0.00
115.84,37.58,0,0,0,0,0.20,153.15,926,801,33.79,243.64,0.00,0.00,0.00,0.00,0.00,0.00,0.00,0.00
116.06,37.67,0,0,0,0,0.20,153.29,926,801,33.59,243.84,0.00,0.00,0.00,0.00,0.00,0.00,0.00,0.00
116.11,51.63,0,0,0,0,0.19,17.59,380,301,10.85,23.92,0.00,0.00,0.00,0.00,0.00,0.00,0.00,0.00
116.29,37.76,0,0,0,0,0.20,153.43,926,801,33.39,244.04,0.00,0.00,0.00,0.00,0.00,0.00,0.00,0.00
116.40,51.57,0,0,0,0,0.19,17.81,380,301,11.03,23.74,0.00,0.00,0.00,0.00,0.00,0.00,0.00,0.00
116.51,37.85,0,0,0,0,0.20,153.57,926,801,33.19,244.23,0.00,0.00,0.00,0.00,0.00,0.00,0.00,0.00
116.67,51.60,0,0,0,0,0.19,325.25,380,301,11.22,23.55,0.00,0.00,0.00,0.00,0.00,0.00,0.00,0.00
116.74,37.93,0,0,0,0,0.20,153.71,926,801,32.99,244.43,0.00,0.00,0.00,0.00,0.00,0.00,0.00,0.00
116.92,51.71,0,0,0,0,0.19,325.45,380,301,11.41,23.36,0.00,0.00,0.00,0.00,0.00,0.00,0.00,0.00
116.96,38.02,0,0,0,0,0.20,153.85,926,801,32.79,244.63,0.00,0.00,0.00,0.00,0.00,0.00,0.00,0.00
117.17,51.82,0,0,0,0,0.19,325.65,380,301,11.60,23.17,0.00,0.00,0.00,0.00,0.00,0.00,0.00,0.00
117.19,38.11,0,0,0,0,0.20,153.99,926,801,32.59,244.83,0.00,0.00,0.00,0.00,0.00,0.00,0.00,0.00
117.42,38.20,0,0,0,0,0.20,154.13,926,801,32.39,245.03,0.00,0.00,0.00,0.00,0.00,0.00,0.00,0.00
117.42,51.92,0,0,0,0,0.19,325.85,380,301,11.79,22.98,0.00,0.00,0.00,0.00,0.00,0.00,0.00,0.00
117.65,38.28,0,0,0,0,0.20,154.27,926,801,32.19,245.23,0.00,0.00,0.00,0.00,0.00,0.00,0.00,0.00
117.68,52.03,0,0,0,0,0.19,326.05,380,301,11.98,22.79,0.00,0.00,0.00,0.00,0.00,0.00,0.00,0.00
117.88,38.37,0,0,0,0,0.20,154.41,926,801,31.99,245.43,0.00,0.00,0.00,0.00,0.00,0.00,0.00,0.00
117.94,52.13,0,0,0,0,0.19,326.25,380,301,12.17,22.60,0.00,0.00,0.00,0.00,0.00,0.00,0.00,0.00
118.11,38.46,0,0,0,0,0.20,154.55,926,801,31.79,245.63,0.00,0.00,0.00,0.00,0.00,0.00,0.00,0.00
118.19,52.24,0,0,0,0,0.19,326.46,380,301,12.36,22.41,0.00,0.00,0.00,0.00,0.00,0.00,0.00,0.00
118.34,38.54,0,0,0,0,0.20,154.70,926,801,31.59,245.83,0.00,0.00,0.00,0.00,0.00,0.00,0.00,0.00
118.45,52.34,0,0,0,0,0.19,326.66,380,301,12.55,22.22,0.00,0.00,0.00,0.00,0.00,0.00,0.00,0.00
118.57,38.63,0,0,0,0,0.20,154.84,926,801,31.39,246.03,0.00,0.00,0.00,0.00,0.00,0.00,0.00,0.00
118.71,52.45,0,0,0,0,0.19,326.87,380,301,12.74,22.03,0.00,0.00,0.00,0.00,0.00,0.00,0.00,0.00
118.80,38.71,0,0,0,0,0.20,154.99,926,801,31.19,246.23,0.00,0.00,0.00,0.00,0.00,0.00,0.00,0.00
118.98,52.55,0,0,0,0,0.19,327.07,380,301,12.93,21.84,0.00,0.00,0.00,0.00,0.00,0.00,0.00,0.00
119.03,38.80,0,0,0,0,0.20,155.13,926,801,30.99,246.43,0.00,0.00,0.00,0.00,0.00,0.00,0.00,0.00
119.24,52.66,0,0,0,0,0.19,327.28,380,301,13.12,21.65,0.00,0.00,0.00,0.00,0.00,0.00,0.00,0.00
119.27,38.88,0,0,0,0,0.20,155.28,926,801,30.79,246.63,0.00,0.00,0.00,0.00,0.00,0.00,0.00,0.00
119.50,38.96,0,0,0,0,0.20,155.42,926,801,30.59,246.83,0.00,0.00,0.00,0.00,0.00,0.00,0.00,0.00
119.50,52.76,0,0,0,0,0.19,327.49,380,301,13.31,21.46,0.00,0.00,0.00,0.00,0.00,0.00,0.00,0.00
119.73,39.05,0,0,0,0,0.20,155.57,926,801,30.39,247.03,0.00,0.00,0.00,0.00,0.00,0.00,0.00,0.00
119.77,52.86,0,0,0,0,0.19,327.70,380,301,13.50,21.27,0.00,0.00,0.00,0.00,0.00,0.00,0.00,0.00
119.97,39.13,0,0,0,0,0.20,155.72,926,801,30.19,247.23,0.00,0.00,0.00,0.00,0.00,0.00,0.00,0.00
120.04,52.96,0,0,0,0,0.19,327.92,380,301,13.69,21.08,0.00,0.00,0.00,0.00,0.00,0.00,0.00,0.00
120.20,39.21,0,0,0,0,0.20,155.87,926,801,30.00,247.43,0.00,0.00,0.00,0.00,0.00,0.00,0.00,0.00
120.30,53.06,0,0,0,0,0.19,328.13,380,301,13.88,20.89,0.00,0.00,0.00,0.00,0.00,0.00,0.00,0.00
120.44,39.29,0,0,0,0,0.20,156.01,926,801,29.80,247.63,0.00,0.00,0.00,0.00,0.00,0.00,0.00,0.00
120.57,53.16,0,0,0,0,0.19,328.35,380,301,14.07,20.70,0.00,0.00,0.00,0.00,0.00,0.00,0.00,0.00
120.67,39.37,0,0,0,0,0.20,156.16,926,801,29.60,247.83,0.00,0.00,0.00,0.00,0.00,0.00,0.00,0.00
120.84,53.26,0,0,0,0,0.19,328.56,380,301,14.26,20.51,0.00,0.00,0.00,0.00,0.00,0.00,0.00,0.00
120.91,39.45,0,0,0,0,0.20,156.31,926,801,29.40,248.02,0.00,0.00,0.00,0.00,0.00,0.00,0.00,0.00
121.14,53.32,0,0,0,0,0.20,354.04,380,301,14.46,20.32,0.00,0.00,0.00,0.00,0.00,0.00,0.00,0.00
121.14,39.53,0,0,0,0,0.20,156.46,926,801,29.20,248.22,0.00,0.00,0.00,0.00,0.00,0.00,0.00,0.00
121.38,39.61,0,0,0,0,0.20,156.62,926,801,29.00,248.42,0.00,0.00,0.00,0.00,0.00,0.00,0.00,0.00
121.47,53.34,0,0,0,0,0.20,354.30,380,301,14.65,20.12,0.00,0.00,0.00,0.00,0.00,0.00,0.00,0.00
121.62,39.69,0,0,0,0,0.20,156.77,926,801,28.80,248.62,0.00,0.00,0.00,0.00,0.00,0.00,0.00,0.00
121.80,53.36,0,0,0,0,0.20,354.56,380,301,14.85,19.92,0.00,0.00,0.00,0.00,0.00,0.00,0.00,0.00
121.86,39.77,0,0,0,0,0.20,156.92,926,801,28.60,248.82,0.00,0.00,0.00,0.00,0.00,0.00,0.00,0.00
122.10,39.85,0,0,0,0,0.20,157.07,926,801,28.40,249.02,0.00,0.00,0.00,0.00,0.00,0.00,0.00,0.00
122.13,53.38,0,0,0,0,0.20,354.83,380,301,15.05,19.72,0.00,0.00,0.00,0.00,0.00,0.00,0.00,0.00
122.34,39.92,0,0,0,0,0.20,157.23,926,801,28.20,249.22,0.00,0.00,0.00,0.00,0.00,0.00,0.00,0.00
122.46,53.40,0,0,0,0,0.20,355.09,380,301,15.25,19.52,0.00,0.00,0.00,0.00,0.00,0.00,0.00,0.00
122.58,40.00,0,0,0,0,0.20,157.38,926,801,28.00,249.42,0.00,0.00,0.00,0.00,0.00,0.00,0.00,0.00
122.79,53.41,0,0,0,0,0.20,355.36,380,301,15.44,19.33,0.00,0.00,0.00,0.00,0.00,0.00,0.00,0.00
122.82,40.08,0,0,0,0,0.20,157.54,926,801,27.80,249.62,0.00,0.00,0.00,0.00,0.00,0.00,0.00,0.00
123.06,40.15,0,0,0,0,0.20,157.69,926,801,27.60,249.82,0.00,0.00,0.00,0.00,0.00,0.00,0.00,0.00
123.12,53.43,0,0,0,0,0.20,355.63,380,301,15.64,19.13,0.00,0.00,0.00,0.00,0.00,0.00,0.00,0.00
123.30,40.23,0,0,0,0,0.20,157.85,926,801,27.40,250.02,0.00,0.00,0.00,0.00,0.00,0.00,0.00,0.00
123.46,53.44,0,0,0,0,0.20,355.89,380,301,15.84,18.93,0.00,0.00,0.00,0.00,0.00,0.00,0.00,0.00
123.54,40.30,0,0,0,0,0.20,158.00,926,801,27.20,250.22,0.00,0.00,0.00,0.00,0.00,0.00,0.00,0.00
123.79,40.38,0,0,0,0,0.20,158.16,926,801,27.00,250.42,0.00,0.00,0.00,0.00,0.00,0.00,0.00,0.00
123.79,53.46,0,0,0,0,0.20,356.16,380,301,16.04,18.73,0.00,0.00,0.00,0.00,0.00,0.00,0.00,0.00
124.03,40.45,0,0,0,0,0.20,158.32,926,801,26.80,250.62,0.00,0.00,0.00,0.00,0.00,0.00,0.00,0.00
124.12,53.47,0,0,0,0,0.20,356.42,380,301,16.24,18.54,0.00,0.00,0.00,0.00,0.00,0.00,0.00,0.00
124.27,40.53,0,0,0,0,0.20,158.48,926,801,26.60,250.82,0.00,0.00,0.00,0.00,0.00,0.00,0.00,0.00
124.45,53.48,0,0,0,0,0.20,356.69,380,301,16.43,18.34,0.00,0.00,0.00,0.00,0.00,0.00,0.00,0.00
124.52,40.60,0,0,0,0,0.20,158.64,926,801,26.40,251.02,0.00,0.00,0.00,0.00,0.00,0.00,0.00,0.00
124.76,40.67,0,0,0,0,0.20,158.80,926,801,26.21,251.22,0.00,0.00,0.00,0.00,0.00,0.00,0.00,0.00
124.78,53.49,0,0,0,0,0.20,356.96,380,301,16.63,18.14,0.00,0.00,0.00,0.00,0.00,0.00,0.00,0.00
125.01,40.74,0,0,0,0,0.20,158.96,926,801,26.01,251.42,0.00,0.00,0.00,0.00,0.00,0.00,0.00,0.00
125.11,53.50,0,0,0,0,0.20,357.23,380,301,16.83,17.94,0.00,0.00,0.00,0.00,0.00,0.00,0.00,0.00
125.25,40.81,0,0,0,0,0.20,159.12,926,801,25.81,251.62,0.00,0.00,0.00,0.00,0.00,0.00,0.00,0.00
125.45,53.51,0,0,0,0,0.20,357.49,380,301,17.03,17.74,0.00,0.00,0.00,0.00,0.00,0.00,0.00,0.00
125.50,40.89,0,0,0,0,0.20,159.28,926,801,25.61,251.82,0.00,0.00,0.00,0.00,0.00,0.00,0.00,0.00
125.75,40.96,0,0,0,0,0.20,159.44,926,801,25.41,252.01,0.00,0.00,0.00,0.00,0.00,0.00,0.00,0.00
125.78,53.52,0,0,0,0,0.20,357.76,380,301,17.23,17.55,0.00,0.00,0.00,0.00,0.00,0.00,0.00,0.00
126.00,41.03,0,0,0,0,0.20,159.60,926,801,25.21,252.21,0.00,0.00,0.00,0.00,0.00,0.00,0.00,0.00
126.11,53.53,0,0,0,0,0.20,358.03,380,301,17.35,17.35,0.00,0.00,0.00,0.00,0.00,0.00,0.00,0.00
126.24,41.09,0,0,0,0,0.20,159.76,926,801,25.01,252.41,0.00,0.00,0.00,0.00,0.00,0.00,0.00,0.00
126.44,53.53,0,0,0,0,0.20,358.29,380,301,17.15,17.15,0.00,0.00,0.00,0.00,0.00,0.00,0.00,0.00
126.49,41.16,0,0,0,0,0.20,159.93,926,801,24.81,252.61,0.00,0.00,0.00,0.00,0.00,0.00,0.00,0.00
126.74,41.23,0,0,0,0,0.20,160.09,926,801,24.61,252.81,0.00,0.00,0.00,0.00,0.00,0.00,0.00,0.00
126.78,53.54,0,0,0,0,0.20,358.56,380,301,16.95,16.95,0.00,0.00,0.00,0.00,0.00,0.00,0.00,0.00
126.99,41.30,0,0,0,0,0.20,160.26,926,801,24.41,253.01,0.00,0.00,0.00,0.00,0.00,0.00,0.00,0.00
127.11,53.54,0,0,0,0,0.20,358.83,380,301,16.75,16.75,0.00,0.00,0.00,0.00,0.00,0.00,0.00,0.00
127.24,41.37,0,0,0,0,0.20,160.42,926,801,24.21,253.21,0.00,0.00,0.00,0.00,0.00,0.00,0.00,0.00
127.44,53.55,0,0,0,0,0.20,359.10,380,301,16.56,16.56,0.00,0.00,0.00,0.00,0.00,0.00,0.00,0.00
127.49,41.43,0,0,0,0,0.20,160.59,926,801,24.01,253.41,0.00,0.00,0.00,0.00,0.00,0.00,0.00,0.00
127.74,41.50,0,0,0,0,0.20,160.75,926,801,23.81,253.61,0.00,0.00,0.00,0.00,0.00,0.00,0.00,0.00
127.78,53.55,0,0,0,0,0.20,359.37,380,301,16.36,16.36,0.00,0.00,0.00,0.00,0.00,0.00,0.00,0.00
127.99,41.56,0,0,0,0,0.20,160.92,926,801,23.61,253.81,0.00,0.00,0.00,0.00,0.00,0.00,0.00,0.00
128.11,53.55,0,0,0,0,0.20,359.63,380,301,16.16,16.16,0.00,0.00,0.00,0.00,0.00,0.00,0.00,0.00
128.25,41.63,0,0,0,0,0.20,161.09,926,801,23.41,254.01,0.00,0.00,0.00,0.00,0.00,0.00,0.00,0.00
128.44,53.55,0,0,0,0,0.20,359.90,380,301,15.96,15.96,0.00,0.00,0.00,0.00,0.00,0.00,0.00,0.00
128.50,41.69,0,0,0,0,0.20,161.26,926,801,23.21,254.21,0.00,0.00,0.00,0.00,0.00,0.00,0.00,0.00
128.75,41.76,0,0,0,0,0.20,161.43,926,801,23.01,254.41,0.00,0.00,0.00,0.00,0.00,0.00,0.00,0.00
128.78,53.55,0,0,0,0,0.20,0.17,380,301,15.77,15.77,0.00,0.00,0.00,0.00,0.00,0.00,0.00,0.00
129.01,41.82,0,0,0,0,0.20,161.59,926,801,22.81,254.61,0.00,0.00,0.00,0.00,0.00,0.00,0.00,0.00
129.11,53.55,0,0,0,0,0.20,0.44,380,301,15.57,15.57,0.00,0.00,0.00,0.00,0.00,0.00,0.00,0.00
129.26,41.88,0,0,0,0,0.20,161.76,926,801,22.61,254.81,0.00,0.00,0.00,0.00,0.00,0.00,0.00,0.00
129.44,53.55,0,0,0,0,0.20,0.70,380,301,15.37,15.37,0.00,0.00,0.00,0.00,0.00,0.00,0.00,0.00
129.52,41.95,0,0,0,0,0.20,161.93,926,801,22.41,255.01,0.00,0.00,0.00,0.00,0.00,0.00,0.00,0.00
129.77,42.01,0,0,0,0,0.20,162.10,926,801,22.22,255.21,0.00,0.00,0.00,0.00,0.00,0.00,0.00,0.00
129.77,53.55,0,0,0,0,0.20,0.97,380,301,15.17,15.17,0.00,0.00,0.00,0.00,0.00,0.00,0.00,0.00
130.03,42.07,0,0,0,0,0.20,162.28,926,801,22.02,255.41,0.00,0.00,0.00,0.00,0.00,0.00,0.00,0.00
130.11,53.54,0,0,0,0,0.20,1.24,380,301,14.97,14.97,0.00,0.00,0.00,0.00,0.00,0.00,0.00,0.00
130.28,42.13,0,0,0,0,0.20,162.45,926,801,21.82,255.61,0.00,0.00,0.00,0.00,0.00,0.00,0.00,0.00
130.44,53.54,0,0,0,0,0.20,1.51,380,301,14.78,14.78,0.00,0.00,0.00,0.00,0.00,0.00,0.00,0.00
130.54,42.19,0,0,0,0,0.20,162.62,926,801,21.62,255.81,0.00,0.00,0.00,0.00,0.00,0.00,0.00,0.00
130.77,53.53,0,0,0,0,0.20,1.78,380,301,14.58,14.58,0.00,0.00,0.00,0.00,0.00,0.00,0.00,0.00
130.80,42.25,0,0,0,0,0.20,162.79,926,801,21.42,256.00,0.00,0.00,0.00,0.00,0.00,0.00,0.00,0.00
131.05,42.31,0,0,0,0,0.20,162.97,926,801,21.22,256.20,0.00,0.00,0.00,0.00,0.00,0.00,0.00,0.00
131.11,53.52,0,0,0,0,0.20,2.04,380,301,14.38,14.38,0.00,0.00,0.00,0.00,0.00,0.00,0.00,0.00
131.31,42.36,0,0,0,0,0.20,163.14,926,801,21.02,256.40,0.00,0.00,0.00,0.00,0.00,0.00,0.00,0.00
131.44,53.52,0,0,0,0,0.20,2.31,380,301,14.18,14.18,0.00,0.00,0.00,0.00,0.00,0.00,0.00,0.00
131.57,42.42,0,0,0,0,0.20,163.31,926,801,20.82,256.60,0.00,0.00,0.00,0.00,0.00,0.00,0.00,0.00
131.77,53.51,0,0,0,0,0.20,2.58,380,301,13.98,13.98,0.00,0.00,0.00,0.00,0.00,0.00,0.00,0.00
131.83,42.48,0,0,0,0,0.20,163.49,926,801,20.62,256.80,0.00,0.00,0.00,0.00,0.00,0.00,0.00,0.00
132.09,42.54,0,0,0,0,0.20,163.66,926,801,20.42,257.00,0.00,0.00,0.00,0.00,0.00,0.00,0.00,0.00
132.10,53.50,0,0,0,0,0.20,2.85,380,301,13.79,13.79,0.00,0.00,0.00,0.00,0.00,0.00,0.00,0.00
132.35,42.59,0,0,0,0,0.20,163.84,926,801,20.22,257.20,0.00,0.00,0.00,0.00,0.00,0.00,0.00,0.00
132.44,53.49,0,0,0,0,0.20,3.11,380,301,13.59,13.59,0.00,0.00,0.00,0.00,0.00,0.00,0.00,0.00
132.61,42.65,0,0,0,0,0.20,164.02,926,801,20.02,257.40,0.00,0.00,0.00,0.00,0.00,0.00,0.00,0.00
132.77,53.48,0,0,0,0,0.20,3.38,380,301,13.39,13.39,0.00,0.00,0.00,0.00,0.00,0.00,0.00,0.00
132.87,42.70,0,0,0,0,0.20,164.19,926,801,19.82,257.60,0.00,0.00,0.00,0.00,0.00,0.00,0.00,0.00
133.10,53.47,0,0,0,0,0.20,3.65,380,301,13.19,13.19,0.00,0.00,0.00,0.00,0.00,0.00,0.00,0.00
133.13,42.76,0,0,0,0,0.20,164.37,926,801,19.62,257.80,0.00,0.00,0.00,0.00,0.00,0.00,0.00,0.00
133.39,42.81,0,0,0,0,0.20,164.55,926,801,19.42,258.00,0.00,0.00,0.00,0.00,0.00,0.00,0.00,0.00
133.43,53.45,0,0,0,0,0.20,3.91,380,301,13.00,13.00,0.00,0.00,0.00,0.00,0.00,0.00,0.00,0.00
133.66,42.86,0,0,0,0,0.20,164.73,926,801,19.22,258.20,0.00,0.00,0.00,0.00,0.00,0.00,0.00,0.00
133.76,53.44,0,0,0,0,0.20,4.18,380,301,12.80,12.80,0.00,0.00,0.00,0.00,0.00,0.00,0.00,0.00
133.92,42.91,0,0,0,0,0.20,164.91,926,801,19.02,258.40,0.00,0.00,0.00,0.00,0.00,0.00,0.00,0.00
134.09,53.42,0,0,0,0,0.20,4.44,380,301,12.60,12.60,0.00,0.00,0.00,0.00,0.00,0.00,0.00,0.00
134.18,42.97,0,0,0,0,0.20,165.09,926,801,18.82,258.60,0.00,0.00,0.00,0.00,0.00,0.00,0.00,0.00
134.42,53.41,0,0,0,0,0.20,4.71,380,301,12.40,12.40,0.00,0.00,0.00,0.00,0.00,0.00,0.00,0.00
134.45,43.02,0,0,0,0,0.20,165.27,926,801,18.62,258.80,0.00,0.00,0.00,0.00,0.00,0.00,0.00,0.00
134.71,43.07,0,0,0,0,0.20,165.45,926,801,18.42,259.00,0.00,0.00,0.00,0.00,0.00,0.00,0.00,0.00
134.75,53.39,0,0,0,0,0.20,4.98,380,301,12.20,12.20,0.00,0.00,0.00,0.00,0.00,0.00,0.00,0.00
134.98,43.12,0,0,0,0,0.20,165.63,926,801,18.23,259.20,0.00,0.00,0.00,0.00,0.00,0.00,0.00,0.00
135.07,53.41,0,0,0,0,0.19,340.58,380,301,12.01,12.01,0.00,0.00,0.00,0.00,0.00,0.00,0.00,0.00
135.24,43.17,0,0,0,0,0.20,165.81,926,801,18.03,259.40,0.00,0.00,0.00,0.00,0.00,0.00,0.00,0.00
135.37,53.48,0,0,0,0,0.19,340.83,380,301,11.82,11.82,0.00,0.00,0.00,0.00,0.00,0.00,0.00,0.00
135.51,43.21,0,0,0,0,0.20,165.99,926,801,17.83,259.60,0.00,0.00,0.00,0.00,0.00,0.00,0.00,0.00
135.67,53.54,0,0,0,0,0.19,341.07,380,301,11.63,11.63,0.00,0.00,0.00,0.00,0.00,0.00,0.00,0.00
135.77,43.26,0,0,0,0,0.20,166.17,926,801,17.63,259.79,0.00,0.00,0.00,0.00,0.00,0.00,0.00,0.00
135.97,53.60,0,0,0,0,0.19,341.31,380,301,11.44,11.44,0.00,0.00,0.00,0.00,0.00,0.00,0.00,0.00
136.04,43.31,0,0,0,0,0.20,166.35,926,801,17.43,259.99,0.00,0.00,0.00,0.00,0.00,0.00,0.00,0.00
136.27,53.66,0,0,0,0,0.19,341.55,380,301,11.25,11.25,0.00,0.00,0.00,0.00,0.00,0.00,0.00,0.00
136.30,43.36,0,0,0,0,0.20,166.54,926,801,17.23,260.19,0.00,0.00,0.00,0.00,0.00,0.00,0.00,0.00
136.41,55.29,0,0,0,0,0.19,171.90,380,43400,3.53,84.76,0.00,0.00,0.00,0.00,0.00,0.00,0.00,0.00
136.57,43.40,0,0,0,0,0.20,166.72,926,801,17.03,260.39,0.00,0.00,0.00,0.00,0.00,0.00,0.00,0.00
136.58,53.72,0,0,0,0,0.19,341.80,380,301,11.06,11.06,0.00,0.00,0.00,0.00,0.00,0.00,0.00,0.00
136.74,55.32,0,0,0,0,0.19,172.17,380,43400,3.34,84.95,0.00,0.00,0.00,0.00,0.00,0.00,0.00,0.00
136.84,43.45,0,0,0,0,0.20,166.90,926,801,16.83,260.59,0.00,0.00,0.00,0.00,0.00,0.00,0.00,0.00
136.88,53.78,0,0,0,0,0.19,342.04,380,301,10.88,10.88,0.00,0.00,0.00,0.00,0.00,0.00,0.00,0.00
137.08,55.34,0,0,0,0,0.19,172.45,380,43400,3.15,85.14,0.00,0.00,0.00,0.00,0.00,0.00,0.00,0.00
137.11,43.49,0,0,0,0,0.20,167.09,926,801,16.63,260.79,0.00,0.00,0.00,0.00,0.00,0.00,0.00,0.00
137.19,53.84,0,0,0,0,0.19,342.29,380,301,10.69,10.69,0.00,0.00,0.00,0.00,0.00,0.00,0.00,0.00
137.37,43.54,0,0,0,0,0.20,167.27,926,801,16.43,260.99,0.00,0.00,0.00,0.00,0.00,0.00,0.00,0.00
137.41,55.37,0,0,0,0,0.19,172.72,380,43400,2.95,85.33,0.00,0.00,0.00,0.00,0.00,0.00,0.00,0.00
137.49,53.89,0,0,0,0,0.19,342.54,380,301,10.50,10.50,0.00,0.00,0.00,0.00,0.00,0.00,0.00,0.00
137.64,43.58,0,0,0,0,0.20,167.46,926,801,16.23,261.19,0.00,0.00,0.00,0.00,0.00,0.00,0.00,0.00
137.74,55.39,0,0,0,0,0.19,172.99,380,43400,2.76,85.53,0.00,0.00,0.00,0.00,0.00,0.00,0.00,0.00
137.80,53.95,0,0,0,0,0.19,342.78,380,301,10.31,10.31,0.00,0.00,0.00,0.00,0.00,0.00,0.00,0.00
137.91,43.62,0,0,0,0,0.20,167.64,926,801,16.03,261.39,0.00,0.00,0.00,0.00,0.00,0.00,0.00,0.00
138.08,55.42,0,0,0,0,0.19,173.27,380,43400,2.57,85.72,0.00,0.00,0.00,0.00,0.00,0.00,0.00,0.00
138.11,54.00,0,0,0,0,0.19,343.03,380,301,10.12,10.12,0.00,0.00,0.00,0.00,0.00,0.00,0.00,0.00
138.18,43.67,0,0,0,0,0.20,167.83,926,801,15.83,261.59,0.00,0.00,0.00,0.00,0.00,0.00,0.00,0.00
138.41,55.44,0,0,0,0,0.19,173.54,380,43400,2.38,85.91,0.00,0.00,0.00,0.00,0.00,0.00,0.00,0.00
138.41,54.06,0,0,0,0,0.19,343.28,380,301,9.93,9.93,0.00,0.00,0.00,0.00,0.00,0.00,0.00,0.00
138.45,43.71,0,0,0,0,0.20,168.02,926,801,15.63,261.79,0.00,0.00,0.00,0.00,0.00,0.00,0.00,0.00
138.72,43.75,0,0,0,0,0.20,168.20,926,801,15.43,261.99,0.00,0.00,0.00,0.00,0.00,0.00,0.00,0.00
138.72,54.11,0,0,0,0,0.19,343.53,380,301,9.74,9.74,0.00,0.00,0.00,0.00,0.00,0.00,0.00,0.00
138.74,55.46,0,0,0,0,0.19,173.82,380,43400,2.19,86.10,0.00,0.00,0.00,0.00,0.00,0.00,0.00,0.00
138.99,43.79,0,0,0,0,0.20,168.39,926,801,15.23,262.19,0.00,0.00,0.00,0.00,0.00,0.00,0.00,0.00
139.03,54.17,0,0,0,0,0.19,343.78,380,301,9.55,9.55,0.00,0.00,0.00,0.00,0.00,0.00,0.00,0.00
139.08,55.48,0,0,0,0,0.19,174.09,380,43400,2.00,86.29,0.00,0.00,0.00,0.00,0.00,0.00,0.00,0.00
139.26,43.83,0,0,0,0,0.20,168.58,926,801,15.03,262.39,0.00,0.00,0.00,0.00,0.00,0.00,0.00,0.00
139.34,54.22,0,0,0,0,0.19,344.03,380,301,9.36,9.36,0.00,0.00,0.00,0.00,0.00,0.00,0.00,0.00
139.41,55.50,0,0,0,0,0.19,174.37,380,43400,1.81,86.48,0.00,0.00,0.00,0.00,0.00,0.00,0.00,0.00
139.53,43.87,0,0,0,0,0.20,168.77,926,801,14.83,262.59,0.00,0.00,0.00,0.00,0.00,0.00,0.00,0.00
139.65,54.27,0,0,0,0,0.19,344.29,380,301,9.17,9.17,0.00,0.00,0.00,0.00,0.00,0.00,0.00,0.00
139.75,55.52,0,0,0,0,0.19,174.65,380,43400,1.62,86.67,0.00,0.00,0.00,0.00,0.00,0.00,0.00,0.00
139.81,43.91,0,0,0,0,0.20,168.95,926,801,14.63,262.79,0.00,0.00,0.00,0.00,0.00,0.00,0.00,0.00
139.97,54.32,0,0,0,0,0.19,344.54,380,301,8.98,8.98,0.00,0.00,0.00,0.00,0.00,0.00,0.00,0.00
140.08,43.95,0,0,0,0,0.20,169.14,926,801,14.44,262.99,0.00,0.00,0.00,0.00,0.00,0.00,0.00,0.00
140.08,55.53,0,0,0,0,0.19,174.92,380,43400,1.43,86.86,0.00,0.00,0.00,0.00,0.00,0.00,0.00,0.00
140.28,54.37,0,0,0,0,0.19,344.79,380,301,8.80,8.80,0.00,0.00,0.00,0.00,0.00,0.00,0.00,0.00
140.35,43.98,0,0,0,0,0.20,169.33,926,801,14.24,263.19,0.00,0.00,0.00,0.00,0.00,0.00,0.00,0.00
140.42,55.55,0,0,0,0,0.19,175.20,380,43400,1.24,87.05,0.00,0.00,0.00,0.00,0.00,0.00,0.00,0.00
140.60,54.43,0,0,0,0,0.20,342.28,380,301,8.60,8.60,0.00,0.00,0.00,0.00,0.00,0.00,0.00,0.00
140.62,44.02,0,0,0,0,0.20,169.52,926,801,14.04,263.39,0.00,0.00,0.00,0.00,0.00,0.00,0.00,0.00
140.75,55.57,0,0,0,0,0.19,175.48,380,43400,1.05,87.24,0.00,0.00,0.00,0.00,0.00,0.00,0.00,0.00
140.90,44.06,0,0,0,0,0.20,169.71,926,801,13.84,263.59,0.00,0.00,0.00,0.00,0.00,0.00,0.00,0.00
140.92,54.49,0,0,0,0,0.20,342.54,380,301,8.41,8.41,0.00,0.00,0.00,0.00,0.00,0.00,0.00,0.00
141.09,55.58,0,0,0,0,0.19,175.75,380,43400,0.86,87.43,0.00,0.00,0.00,0.00,0.00,0.00,0.00,0.00
141.17,44.09,0,0,0,0,0.20,169.90,926,801,13.64,263.78,0.00,0.00,0.00,0.00,0.00,0.00,0.00,0.00
141.24,54.54,0,0,0,0,0.20,342.81,380,301,8.21,8.21,0.00,0.00,0.00,0.00,0.00,0.00,0.00,0.00
141.43,55.59,0,0,0,0,0.19,176.03,380,43400,0.67,87.62,0.00,0.00,0.00,0.00,0.00,0.00,0.00,0.00
141.44,44.13,0,0,0,0,0.20,170.09,926,801,13.44,263.98,0.00,0.00,0.00,0.00,0.00,0.00,0.00,0.00
141.56,54.60,0,0,0,0,0.20,343.07,380,301,8.02,8.02,0.00,0.00,0.00,0.00,0.00,0.00,0.00,0.00
141.72,44.16,0,0,0,0,0.20,170.28,926,801,13.24,264.18,0.00,0.00,0.00,0.00,0.00,0.00,0.00,0.00
141.76,55.61,0,0,0,0,0.19,176.31,380,43400,0.48,87.81,0.00,0.00,0.00,0.00,0.00,0.00,0.00,0.00
141.88,54.66,0,0,0,0,0.20,343.33,380,301,7.82,7.82,0.00,0.00,0.00,0.00,0.00,0.00,0.00,0.00
141.99,44.19,0,0,0,0,0.20,170.47,926,801,13.04,264.38,0.00,0.00,0.00,0.00,0.00,0.00,0.00,0.00
142.10,55.62,0,0,0,0,0.19,176.59,380,43400,0.29,88.00,0.00,0.00,0.00,0.00,0.00,0.00,0.00,0.00
142.21,54.71,0,0,0,0,0.20,343.60,380,301,7.63,7.63,0.00,0.00,0.00,0.00,0.00,0.00,0.00,0.00
142.27,44.23,0,0,0,0,0.20,170.66,926,801,12.84,264.58,0.00,0.00,0.00,0.00,0.00,0.00,0.00,0.00
142.44,55.63,0,0,0,0,0.19,176.87,380,43400,0.10,88.19,0.00,0.00,0.00,0.00,0.00,0.00,0.00,0.00
142.53,54.77,0,0,0,0,0.20,343.86,380,301,7.43,7.43,0.00,0.00,0.00,0.00,0.00,0.00,0.00,0.00
142.54,44.26,0,0,0,0,0.20,170.86,926,801,12.64,264.78,0.00,0.00,0.00,0.00,0.00,0.00,0.00,0.00
142.77,55.64,0,0,0,0,0.19,177.14,380,301,0.10,0.10,0.00,0.00,0.00,0.00,0.00,0.00,0.00,0.00
142.82,44.29,0,0,0,0,0.20,171.05,926,801,12.44,264.98,0.00,0.00,0.00,0.00,0.00,0.00,0.00,0.00
142.86,54.82,0,0,0,0,0.20,344.13,380,301,7.24,7.24,0.00,0.00,0.00,0.00,0.00,0.00,0.00,0.00
143.09,44.32,0,0,0,0,0.20,171.24,926,801,12.24,265.18,0.00,0.00,0.00,0.00,0.00,0.00,0.00,0.00
143.11,55.65,0,0,0,0,0.19,177.42,380,301,0.29,0.29,0.00,0.00,0.00,0.00,0.00,0.00,0.00,0.00
143.18,54.87,0,0,0,0,0.20,344.39,380,301,7.04,7.04,0.00,0.00,0.00,0.00,0.00,0.00,0.00,0.00
143.37,44.35,0,0,0,0,0.20,171.43,926,801,12.04,265.38,0.00,0.00,0.00,0.00,0.00,0.00,0.00,0.00
143.45,55.66,0,0,0,0,0.19,177.70,380,301,0.48,0.48,0.00,0.00,0.00,0.00,0.00,0.00,0.00,0.00
143.51,54.93,0,0,0,0,0.20,344.66,380,301,6.85,6.85,0.00,0.00,0.00,0.00,0.00,0.00,0.00,0.00
143.64,44.38,0,0,0,0,0.20,171.63,926,801,11.84,265.58,0.00,0.00,0.00,0.00,0.00,0.00,0.00,0.00
143.79,55.66,0,0,0,0,0.19,177.98,380,301,0.67,0.67,0.00,0.00,0.00,0.00,0.00,0.00,0.00,0.00
143.84,54.98,0,0,0,0,0.20,344.93,380,301,6.65,6.65,0.00,0.00,0.00,0.00,0.00,0.00,0.00,0.00
143.92,44.41,0,0,0,0,0.20,171.82,926,801,11.64,265.78,0.00,0.00,0.00,0.00,0.00,0.00,0.00,0.00
144.13,55.67,0,0,0,0,0.19,178.26,380,301,0.86,0.86,0.00,0.00,0.00,0.00,0.00,0.00,0.00,0.00
144.17,55.03,0,0,0,0,0.20,345.20,380,301,6.45,6.45,0.00,0.00,0.00,0.00,0.00,0.00,0.00,0.00
144.20,44.44,0,0,0,0,0.20,172.01,926,801,11.44,265.98,0.00,0.00,0.00,0.00,0.00,0.00,0.00,0.00
144.46,55.68,0,0,0,0,0.19,178.54,380,301,1.05,1.05,0.00,0.00,0.00,0.00,0.00,0.00,0.00,0.00
144.47,44.46,0,0,0,0,0.20,172.21,926,801,11.24,266.18,0.00,0.00,0.00,0.00,0.00,0.00,0.00,0.00
144.50,55.08,0,0,0,0,0.20,345.47,380,301,6.26,6.26,0.00,0.00,0.00,0.00,0.00,0.00,0.00,0.00
144.75,44.49,0,0,0,0,0.20,172.40,926,801,11.04,266.38,0.00,0.00,0.00,0.00,0.00,0.00,0.00,0.00
144.80,55.68,0,0,0,0,0.19,178.82,380,301,1.24,1.24,0.00,0.00,0.00,0.00,0.00,0.00,0.00,0.00
144.83,55.13,0,0,0,0,0.20,345.74,380,301,6.06,6.06,0.00,0.00,0.00,0.00,0.00,0.00,0.00,0.00
145.03,44.52,0,0,0,0,0.20,172.60,926,801,10.84,266.58,0.00,0.00,0.00,0.00,0.00,0.00,0.00,0.00
145.14,55.68,0,0,0,0,0.19,179.10,380,301,1.43,1.43,0.00,0.00,0.00,0.00,0.00,0.00,0.00,0.00
145.16,55.17,0,0,0,0,0.20,346.01,380,301,5.87,5.87,0.00,0.00,0.00,0.00,0.00,0.00,0.00,0.00
145.30,44.54,0,0,0,0,0.20,172.79,926,801,10.64,266.78,0.00,0.00,0.00,0.00,0.00,0.00,0.00,0.00
145.48,55.69,0,0,0,0,0.19,179.38,380,301,1.62,1.62,0.00,0.00,0.00,0.00,0.00,0.00,0.00,0.00
145.49,55.22,0,0,0,0,0.20,346.29,380,301,5.67,5.67,0.00,0.00,0.00,0.00,0.00,0.00,0.00,0.00
145.58,44.57,0,0,0,0,0.20,172.98,926,801,10.45,266.98,0.00,0.00,0.00,0.00,0.00,0.00,0.00,0.00
145.82,55.69,0,0,0,0,0.19,179.66,380,301,1.81,1.81,0.00,0.00,0.00,0.00,0.00,0.00,0.00,0.00
145.83,55.27,0,0,0,0,0.20,346.56,380,301,5.48,5.48,0.00,0.00,0.00,0.00,0.00,0.00,0.00,0.00
145.86,44.59,0,0,0,0,0.20,173.18,926,801,10.25,267.18,0.00,0.00,0.00,0.00,0.00,0.00,0.00,0.00
146.14,44.61,0,0,0,0,0.20,173.38,926,801,10.05,267.38,0.00,0.00,0.00,0.00,0.00,0.00,0.00,0.00
146.15,55.69,0,0,0,0,0.19,179.93,380,301,2.00,2.00,0.00,0.00,0.00,0.00,0.00,0.00,0.00,0.00
146.16,55.31,0,0,0,0,0.20,346.83,380,301,5.28,5.28,0.00,0.00,0.00,0.00,0.00,0.00,0.00,0.00
146.42,44.64,0,0,0,0,0.20,173.57,926,801,9.85,267.58,0.00,0.00,0.00,0.00,0.00,0.00,0.00,0.00
146.49,55.69,0,0,0,0,0.19,180.21,380,301,2.19,2.19,0.00,0.00,0.00,0.00,0.00,0.00,0.00,0.00
146.49,55.36,0,0,0,0,0.20,347.11,380,301,5.09,5.09,0.00,0.00,0.00,0.00,0.00,0.00,0.00,0.00
146.70,44.66,0,0,0,0,0.20,173.77,926,801,9.65,267.77,0.00,0.00,0.00,0.00,0.00,0.00,0.00,0.00
146.83,55.40,0,0,0,0,0.20,347.39,380,301,4.89,4.89,0.00,0.00,0.00,0.00,0.00,0.00,0.00,0.00
146.83,55.69,0,0,0,0,0.19,180.49,380,301,2.38,2.38,0.00,0.00,0.00,0.00,0.00,0.00,0.00,0.00
146.97,44.68,0,0,0,0,0.20,173.96,926,801,9.45,267.97,0.00,0.00,0.00,0.00,0.00,0.00,0.00,0.00
147.17,55.44,0,0,0,0,0.20,347.66,380,301,4.70,4.70,0.00,0.00,0.00,0.00,0.00,0.00,0.00,0.00
147.17,55.68,0,0,0,0,0.19,180.77,380,301,2.57,2.57,0.00,0.00,0.00,0.00,0.00,0.00,0.00,0.00
147.25,44.70,0,0,0,0,0.20,174.16,926,801,9.25,268.17,0.00,0.00,0.00,0.00,0.00,0.00,0.00,0.00
147.50,55.48,0,0,0,0,0.20,347.94,380,301,4.50,4.50,0.00,0.00,0.00,0.00,0.00,0.00,0.00,0.00
147.51,55.68,0,0,0,0,0.19,181.05,380,301,2.76,2.76,0.00,0.00,0.00,0.00,0.00,0.00,0.00,0.00
147.53,44.72,0,0,0,0,0.20,174.36,926,801,9.05,268.37,0.00,0.00,0.00,0.00,0.00,0.00,0.00,0.00
147.81,44.74,0,0,0,0,0.20,174.55,926,801,8.85,268.57,0.00,0.00,0.00,0.00,0.00,0.00,0.00,0.00
147.84,55.52,0,0,0,0,0.20,348.22,380,301,4.31,4.31,0.00,0.00,0.00,0.00,0.00,0.00,0.00,0.00
147.84,55.68,0,0,0,0,0.19,181.33,380,301,2.95,2.95,0.00,0.00,0.00,0.00,0.00,0.00,0.00,0.00
148.09,44.76,0,0,0,0,0.20,174.75,926,801,8.65,268.77,0.00,0.00,0.00,0.00,0.00,0.00,0.00,0.00
148.18,55.56,0,0,0,0,0.20,348.50,380,301,4.11,4.11,0.00,0.00,0.00,0.00,0.00,0.00,0.00,0.00
148.18,55.67,0,0,0,0,0.19,181.61,380,301,3.15,3.15,0.00,0.00,0.00,0.00,0.00,0.00,0.00,0.00
148.37,44.78,0,0,0,0,0.20,174.95,926,801,8.45,268.97,0.00,0.00,0.00,0.00,0.00,0.00,0.00,0.00
148.52,55.60,0,0,0,0,0.20,348.78,380,301,3.91,3.91,0.00,0.00,0.00,0.00,0.00,0.00,0.00,0.00
148.52,55.67,0,0,0,0,0.19,181.89,380,301,3.34,3.34,0.00,0.00,0.00,0.00,0.00,0.00,0.00,0.00
148.65,44.79,0,0,0,0,0.20,175.14,926,801,8.25,269.17,0.00,0.00,0.00,0.00,0.00,0.00,0.00,0.00
148.86,55.64,0,0,0,0,0.20,349.06,380,301,3.72,3.72,0.00,0.00,0.00,0.00,0.00,0.00,0.00,0.00
148.86,55.66,0,0,0,0,0.19,182.17,380,301,3.53,3.53,0.00,0.00,0.00,0.00,0.00,0.00,0.00,0.00
148.93,44.81,0,0,0,0,0.20,175.34,926,801,8.05,269.37,0.00,0.00,0.00,0.00,0.00,0.00,0.00,0.00
149.21,44.83,0,0,0,0,0.20,175.54,926,801,7.85,269.57,0.00,0.00,0.00,0.00,0.00,0.00,0.00,0.00
149.49,44.84,0,0,0,0,0.20,175.74,926,801,7.65,269.77,0.00,0.00,0.00,0.00,0.00,0.00,0.00,0.00
149.52,23.72,0,0,0,0,0.20,260.61,505,786,0.10,0.10,0.00,0.00,0.00,0.00,0.00,0.00,0.00,0.00
149.55,23.52,0,0,0,0,0.20,260.62,505,786,0.30,0.30,0.00,0.00,0.00,0.00,0.00,0.00,0.00,0.00
149.59,23.32,0,0,0,0,0.20,260.63,505,786,0.50,0.50,0.00,0.00,0.00,0.00,0.00,0.00,0.00,0.00
149.62,23.13,0,0,0,0,0.20,260.65,505,786,0.70,0.70,0.00,0.00,0.00,0.00,0.00,0.00,0.00,0.00
149.66,22.93,0,0,0,0,0.20,260.66,505,786,0.90,0.90,0.00,0.00,0.00,0.00,0.00,0.00,0.00,0.00
149.69,22.74,0,0,0,0,0.20,260.68,505,786,1.09,1.09,0.00,0.00,0.00,0.00,0.00,0.00,0.00,0.00
149.73,22.54,0,0,0,0,0.20,260.69,505,786,1.29,1.29,0.00,0.00,0.00,0.00,0.00,0.00,0.00,0.00
149.76,22.34,0,0,0,0,0.20,260.70,505,786,1.49,1.49,0.00,0.00,0.00,0.00,0.00,0.00,0.00,0.00
149.77,44.85,0,0,0,0,0.20,175.93,926,801,7.45,269.97,0.00,0.00,0.00,0.00,0.00,0.00,0.00,0.00
149.80,22.15,0,0,0,0,0.20,260.72,505,786,1.69,1.69,0.00,0.00,0.00,0.00,0.00,0.00,0.00,0.00
149.83,21.95,0,0,0,0,0.20,260.73,505,786,1.89,1.89,0.00,0.00,0.00,0.00,0.00,0.00,0.00,0.00
149.86,21.75,0,0,0,0,0.20,260.74,505,786,2.09,2.09,0.00,0.00,0.00,0.00,0.00,0.00,0.00,0.00
149.90,21.56,0,0,0,0,0.20,260.75,505,786,2.29,2.29,0.00,0.00,0.00,0.00,0.00,0.00,0.00,0.00
149.93,21.36,0,0,0,0,0.20,260.77,505,786,2.49,2.49,0.00,0.00,0.00,0.00,0.00,0.00,0.00,0.00
149.97,21.16,0,0,0,0,0.20,260.78,505,786,2.69,2.69,0.00,0.00,0.00,0.00,0.00,0.00,0.00,0.00
150.00,20.97,0,0,0,0,0.20,260.79,505,786,2.89,2.89,0.00,0.00,0.00,0.00,0.00,0.00,0.00,0.00
150.04,20.77,0,0,0,0,0.20,260.80,505,786,3.09,3.09,0.00,0.00,0.00,0.00,0.00,0.00,0.00,0.00
150.05,44.87,0,0,0,0,0.20,176.13,926,801,7.25,270.17,0.00,0.00,0.00,0.00,0.00,0.00,0.00,0.00
150.07,20.57,0,0,0,0,0.20,260.81,505,786,3.28,3.28,0.00,0.00,0.00,0.00,0.00,0.00,0.00,0.00
150.10,20.38,0,0,0,0,0.20,260.83,505,786,3.48,3.48,0.00,0.00,0.00,0.00,0.00,0.00,0.00,0.00
150.14,20.18,0,0,0,0,0.20,260.84,505,786,3.68,3.68,0.00,0.00,0.00,0.00,0.00,0.00,0.00,0.00
150.17,19.98,0,0,0,0,0.20,260.85,505,786,3.88,3.88,0.00,0.00,0.00,0.00,0.00,0.00,0.00,0.00
150.21,19.79,0,0,0,0,0.20,260.86,505,786,4.08,4.08,0.00,0.00,0.00,0.00,0.00,0.00,0.00,0.00
150.24,19.59,0,0,0,0,0.20,260.87,505,786,4.28,4.28,0.00,0.00,0.00,0.00,0.00,0.00,0.00,0.00
150.27,19.39,0,0,0,0,0.20,260.88,505,786,4.48,4.48,0.00,0.00,0.00,0.00,0.00,0.00,0.00,0.00
150.31,19.20,0,0,0,0,0.20,260.90,505,786,4.68,4.68,0.00,0.00,0.00,0.00,0.00,0.00,0.00,0.00
150.33,44.88,0,0,0,0,0.20,176.33,926,801,7.05,270.37,0.00,0.00,0.00,0.00,0.00,0.00,0.00,0.00
150.34,19.00,0,0,0,0,0.20,260.91,505,786,4.88,4.88,0.00,0.00,0.00,0.00,0.00,0.00,0.00,0.00
150.37,18.80,0,0,0,0,0.20,260.92,505,786,5.08,5.08,0.00,0.00,0.00,0.00,0.00,0.00,0.00,0.00
150.41,18.61,0,0,0,0,0.20,260.93,505,786,5.28,5.28,0.00,0.00,0.00,0.00,0.00,0.00,0.00,0.00
150.44,18.41,0,0,0,0,0.20,260.94,505,786,5.47,5.47,0.00,0.00,0.00,0.00,0.00,0.00,0.00,0.00
150.47,18.22,0,0,0,0,0.20,260.95,505,786,5.67,5.67,0.00,0.00,0.00,0.00,0.00,0.00,0.00,0.00
150.50,18.02,0,0,0,0,0.20,260.96,505,786,5.87,5.87,0.00,0.00,0.00,0.00,0.00,0.00,0.00,0.00
150.54,17.82,0,0,0,0,0.20,260.97,505,786,6.07,6.07,0.00,0.00,0.00,0.00,0.00,0.00,0.00,0.00
150.57,17.63,0,0,0,0,0.20,260.98,505,786,6.27,6.27,0.00,0.00,0.00,0.00,0.00,0.00,0.00,0.00
150.60,17.43,0,0,0,0,0.20,260.99,505,786,6.47,6.47,0.00,0.00,0.00,0.00,0.00,0.00,0.00,0.00
150.62,44.89,0,0,0,0,0.20,176.53,926,801,6.85,270.57,0.00,0.00,0.00,0.00,0.00,0.00,0.00,0.00
150.64,17.23,0,0,0,0,0.20,261.00,505,786,6.67,6.67,0.00,0.00,0.00,0.00,0.00,0.00,0.00,0.00
150.67,17.04,0,0,0,0,0.20,261.01,505,786,6.87,6.87,0.00,0.00,0.00,0.00,0.00,0.00,0.00,0.00
150.70,16.84,0,0,0,0,0.20,261.02,505,786,7.07,7.07,0.00,0.00,0.00,0.00,0.00,0.00,0.00,0.00
150.73,16.64,0,0,0,0,0.20,261.03,505,786,7.27,7.27,0.00,0.00,0.00,0.00,0.00,0.00,0.00,0.00
150.77,16.45,0,0,0,0,0.20,261.04,505,786,7.47,7.47,0.00,0.00,0.00,0.00,0.00,0.00,0.00,0.00
150.80,16.25,0,0,0,0,0.20,261.04,505,786,7.66,7.66,0.00,0.00,0.00,0.00,0.00,0.00,0.00,0.00
150.83,16.05,0,0,0,0,0.20,261.05,505,786,7.86,7.86,0.00,0.00,0.00,0.00,0.00,0.00,0.00,0.00
150.86,15.86,0,0,0,0,0.20,261.06,505,786,8.06,8.06,0.00,0.00,0.00,0.00,0.00,0.00,0.00,0.00
150.89,15.66,0,0,0,0,0.20,261.07,505,786,8.26,8.26,0.00,0.00,0.00,0.00,0.00,0.00,0.00,0.00
150.90,44.91,0,0,0,0,0.20,176.73,926,801,6.65,270.77,0.00,0.00,0.00,0.00,0.00,0.00,0.00,0.00
150.93,15.46,0,0,0,0,0.20,261.08,505,786,8.46,8.46,0.00,0.00,0.00,0.00,0.00,0.00,0.00,0.00
150.96,15.27,0,0,0,0,0.20,261.09,505,786,8.66,8.66,0.00,0.00,0.00,0.00,0.00,0.00,0.00,0.00
150.99,15.07,0,0,0,0,0.20,261.10,505,786,8.86,8.86,0.00,0.00,0.00,0.00,0.00,0.00,0.00,0.00
151.02,14.87,0,0,0,0,0.20,261.11,505,786,9.06,9.06,0.00,0.00,0.00,0.00,0.00,0.00,0.00,0.00
151.05,14.68,0,0,0,0,0.20,261.11,505,786,9.26,9.26,0.00,0.00,0.00,0.00,0.00,0.00,0.00,0.00
151.09,14.48,0,0,0,0,0.20,261.12,505,786,9.46,9.46,0.00,0.00,0.00,0.00,0.00,0.00,0.00,0.00
151.12,14.28,0,0,0,0,0.20,261.13,505,786,9.66,9.66,0.00,0.00,0.00,0.00,0.00,0.00,0.00,0.00
151.15,14.09,0,0,0,0,0.20,261.14,505,786,9.85,9.85,0.00,0.00,0.00,0.00,0.00,0.00,0.00,0.00
151.18,44.92,0,0,0,0,0.20,176.93,926,801,6.46,270.97,0.00,0.00,0.00,0.00,0.00,0.00,0.00,0.00
151.18,13.89,0,0,0,0,0.20,261.14,505,786,10.05,10.05,0.00,0.00,0.00,0.00,0.00,0.00,0.00,0.00
151.21,13.69,0,0,0,0,0.20,261.15,505,786,10.25,10.25,0.00,0.00,0.00,0.00,0.00,0.00,0.00,0.00
151.24,13.50,0,0,0,0,0.20,261.16,505,786,10.45,10.45,0.00,0.00,0.00,0.00,0.00,0.00,0.00,0.00
151.28,13.30,0,0,0,0,0.20,261.17,505,786,10.65,10.65,0.00,0.00,0.00,0.00,0.00,0.00,0.00,0.00
151.31,13.10,0,0,0,0,0.20,261.17,505,786,10.85,10.85,0.00,0.00,0.00,0.00,0.00,0.00,0.00,0.00
151.34,12.91,0,0,0,0,0.20,261.18,505,786,11.05,11.05,0.00,0.00,0.00,0.00,0.00,0.00,0.00,0.00
151.37,12.71,0,0,0,0,0.20,261.19,505,786,11.25,11.25,0.00,0.00,0.00,0.00,0.00,0.00,0.00,0.00
151.40,12.51,0,0,0,0,0.20,261.19,505,786,11.45,11.45,0.00,0.00,0.00,0.00,0.00,0.00,0.00,0.00
151.43,12.31,0,0,0,0,0.20,261.20,505,786,11.65,11.65,0.00,0.00,0.00,0.00,0.00,0.00,0.00,0.00
151.46,44.93,0,0,0,0,0.20,177.12,926,801,6.26,271.17,0.00,0.00,0.00,0.00,0.00,0.00,0.00,0.00
151.46,12.12,0,0,0,0,0.20,261.21,505,786,11.85,11.85,0.00,0.00,0.00,0.00,0.00,0.00,0.00,0.00
151.49,11.92,0,0,0,0,0.20,261.21,505,786,12.04,12.04,0.00,0.00,0.00,0.00,0.00,0.00,0.00,0.00
151.52,11.72,0,0,0,0,0.20,261.22,505,786,12.24,12.24,0.00,0.00,0.00,0.00,0.00,0.00,0.00,0.00
151.56,11.53,0,0,0,0,0.20,261.23,505,786,12.44,12.44,0.00,0.00,0.00,0.00,0.00,0.00,0.00,0.00
151.59,11.33,0,0,0,0,0.20,261.23,505,786,12.64,12.64,0.00,0.00,0.00,0.00,0.00,0.00,0.00,0.00
151.62,11.13,0,0,0,0,0.20,261.24,505,786,12.84,12.84,0.00,0.00,0.00,0.00,0.00,0.00,0.00,0.00
151.65,10.94,0,0,0,0,0.20,261.25,505,786,13.04,13.04,0.00,0.00,0.00,0.00,0.00,0.00,0.00,0.00
151.68,10.74,0,0,0,0,0.20,261.25,505,786,13.24,13.24,0.00,0.00,0.00,0.00,0.00,0.00,0.00,0.00
151.71,10.54,0,0,0,0,0.20,261.26,505,786,13.44,13.44,0.00,0.00,0.00,0.00,0.00,0.00,0.00,0.00
151.74,44.94,0,0,0,0,0.20,177.32,926,801,6.06,271.37,0.00,0.00,0.00,0.00,0.00,0.00,0.00,0.00
151.74,10.35,0,0,0,0,0.20,261.26,505,786,13.64,13.64,0.00,0.00,0.00,0.00,0.00,0.00,0.00,0.00
151.77,10.15,0,0,0,0,0.20,261.27,505,786,13.84,13.84,0.00,0.00,0.00,0.00,0.00,0.00,0.00,0.00
151.80,9.95,0,0,0,0,0.20,261.27,505,786,14.04,14.04,0.00,0.00,0.00,0.00,0.00,0.00,0.00,0.00
151.83,9.76,0,0,0,0,0.20,261.28,505,786,14.23,14.23,0.00,0.00,0.00,0.00,0.00,0.00,0.00,0.00
151.86,9.56,0,0,0,0,0.20,261.28,505,786,14.43,14.43,0.00,0.00,0.00,0.00,0.00,0.00,0.00,0.00
151.89,9.36,0,0,0,0,0.20,261.29,505,786,14.63,14.63,0.00,0.00,0.00,0.00,0.00,0.00,0.00,0.00
151.92,9.17,0,0,0,0,0.20,261.29,505,786,14.83,14.83,0.00,0.00,0.00,0.00,0.00,0.00,0.00,0.00
151.96,8.97,0,0,0,0,0.20,261.30,505,786,15.03,15.03,0.00,0.00,0.00,0.00,0.00,0.00,0.00,0.00
151.99,8.77,0,0,0,0,0.20,261.30,505,786,15.23,15.23,0.00,0.00,0.00,0.00,0.00,0.00,0.00,0.00
152.02,8.58,0,0,0,0,0.20,261.31,505,786,15.43,15.43,0.00,0.00,0.00,0.00,0.00,0.00,0.00,0.00
152.02,44.95,0,0,0,0,0.20,177.52,926,801,5.86,271.56,0.00,0.00,0.00,0.00,0.00,0.00,0.00,0.00
152.05,8.38,0,0,0,0,0.20,261.31,505,786,15.63,15.63,0.00,0.00,0.00,0.00,0.00,0.00,0.00,0.00
152.08,8.18,0,0,0,0,0.20,261.32,505,786,15.83,15.83,0.00,0.00,0.00,0.00,0.00,0.00,0.00,0.00
152.11,7.99,0,0,0,0,0.20,261.32,505,786,16.03,16.03,0.00,0.00,0.00,0.00,0.00,0.00,0.00,0.00
152.14,7.79,0,0,0,0,0.20,261.32,505,786,16.23,16.23,0.00,0.00,0.00,0.00,0.00,0.00,0.00,0.00
152.17,7.59,0,0,0,0,0.20,261.33,505,786,16.42,16.42,0.00,0.00,0.00,0.00,0.00,0.00,0.00,0.00
152.20,7.40,0,0,0,0,0.20,261.33,505,786,16.62,16.62,0.00,0.00,0.00,0.00,0.00,0.00,0.00,0.00
152.23,7.20,0,0,0,0,0.20,261.34,505,786,16.82,16.82,0.00,0.00,0.00,0.00,0.00,0.00,0.00,0.00
152.26,7.00,0,0,0,0,0.20,261.34,505,786,17.02,17.02,0.00,0.00,0.00,0.00,0.00,0.00,0.00,0.00
152.29,6.80,0,0,0,0,0.20,261.34,505,786,17.22,17.22,0.00,0.00,0.00,0.00,0.00,0.00,0.00,0.00
152.30,44.95,0,0,0,0,0.20,177.72,926,801,5.66,271.76,0.00,0.00,0.00,0.00,0.00,0.00,0.00,0.00
152.32,6.61,0,0,0,0,0.20,261.35,505,786,17.42,17.42,0.00,0.00,0.00,0.00,0.00,0.00,0.00,0.00
152.35,6.41,0,0,0,0,0.20,261.35,505,786,17.62,17.62,0.00,0.00,0.00,0.00,0.00,0.00,0.00,0.00
152.38,6.21,0,0,0,0,0.20,261.35,505,786,17.82,17.82,0.00,0.00,0.00,0.00,0.00,0.00,0.00,0.00
152.41,6.02,0,0,0,0,0.20,261.36,505,786,18.02,18.02,0.00,0.00,0.00,0.00,0.00,0.00,0.00,0.00
152.44,5.82,0,0,0,0,0.20,261.36,505,786,18.22,18.22,0.00,0.00,0.00,0.00,0.00,0.00,0.00,0.00
152.47,5.62,0,0,0,0,0.20,261.36,505,786,18.42,18.42,0.00,0.00,0.00,0.00,0.00,0.00,0.00,0.00
152.50,5.43,0,0,0,0,0.20,261.37,505,786,18.61,18.61,0.00,0.00,0.00,0.00,0.00,0.00,0.00,0.00
152.53,5.23,0,0,0,0,0.20,261.37,505,786,18.81,18.81,0.00,0.00,0.00,0.00,0.00,0.00,0.00,0.00
152.56,5.03,0,0,0,0,0.20,261.37,505,786,19.01,19.01,0.00,0.00,0.00,0.00,0.00,0.00,0.00,0.00
152.59,44.96,0,0,0,0,0.20,177.92,926,801,5.46,271.96,0.00,0.00,0.00,0.00,0.00,0.00,0.00,0.00
152.59,4.84,0,0,0,0,0.20,261.37,505,786,19.21,19.21,0.00,0.00,0.00,0.00,0.00,0.00,0.00,0.00
152.62,4.64,0,0,0,0,0.20,261.38,505,786,19.41,19.41,0.00,0.00,0.00,0.00,0.00,0.00,0.00,0.00
152.65,4.44,0,0,0,0,0.20,261.38,505,786,19.61,19.61,0.00,0.00,0.00,0.00,0.00,0.00,0.00,0.00
152.68,4.25,0,0,0,0,0.20,261.38,505,786,19.81,19.81,0.00,0.00,0.00,0.00,0.00,0.00,0.00,0.00
152.71,4.05,0,0,0,0,0.20,261.38,505,786,20.01,20.01,0.00,0.00,0.00,0.00,0.00,0.00,0.00,0.00
152.74,3.85,0,0,0,0,0.20,261.39,505,786,20.21,20.21,0.00,0.00,0.00,0.00,0.00,0.00,0.00,0.00
152.77,3.66,0,0,0,0,0.20,261.39,505,786,20.41,20.41,0.00,0.00,0.00,0.00,0.00,0.00,0.00,0.00
152.80,3.46,0,0,0,0,0.20,261.39,505,786,20.61,20.61,0.00,0.00,0.00,0.00,0.00,0.00,0.00,0.00
152.83,3.26,0,0,0,0,0.20,261.39,505,786,20.80,20.80,0.00,0.00,0.00,0.00,0.00,0.00,0.00,0.00
152.86,3.07,0,0,0,0,0.20,261.39,505,786,21.00,21.00,0.00,0.00,0.00,0.00,0.00,0.00,0.00,0.00
152.87,44.97,0,0,0,0,0.20,178.12,926,801,5.26,272.16,0.00,0.00,0.00,0.00,0.00,0.00,0.00,0.00
152.89,2.87,0,0,0,0,0.20,261.39,505,786,21.20,21.20,0.00,0.00,0.00,0.00,0.00,0.00,0.00,0.00
152.92,2.67,0,0,0,0,0.20,261.40,505,786,21.40,21.40,0.00,0.00,0.00,0.00,0.00,0.00,0.00,0.00
152.95,2.47,0,0,0,0,0.20,261.40,505,786,21.60,21.60,0.00,0.00,0.00,0.00,0.00,0.00,0.00,0.00
152.98,2.28,0,0,0,0,0.20,261.40,505,786,21.80,21.80,0.00,0.00,0.00,0.00,0.00,0.00,0.00,0.00
153.01,2.08,0,0,0,0,0.20,261.40,505,786,22.00,22.00,0.00,0.00,0.00,0.00,0.00,0.00,0.00,0.00
153.04,1.88,0,0,0,0,0.20,261.40,505,786,22.20,22.20,0.00,0.00,0.00,0.00,0.00,0.00,0.00,0.00
153.07,1.69,0,0,0,0,0.20,261.40,505,786,22.40,22.40,0.00,0.00,0.00,0.00,0.00,0.00,0.00,0.00
153.10,1.49,0,0,0,0,0.20,261.40,505,786,22.60,22.60,0.00,0.00,0.00,0.00,0.00,0.00,0.00,0.00
153.13,1.29,0,0,0,0,0.20,261.40,505,786,22.80,22.80,0.00,0.00,0.00,0.00,0.00,0.00,0.00,0.00
153.15,44.97,0,0,0,0,0.20,178.32,926,801,5.06,272.36,0.00,0.00,0.00,0.00,0.00,0.00,0.00,0.00
153.16,1.10,0,0,0,0,0.20,261.40,505,786,22.99,22.99,0.00,0.00,0.00,0.00,0.00,0.00,0.00,0.00
153.19,0.90,0,0,0,0,0.20,261.40,505,786,23.19,23.19,0.00,0.00,0.00,0.00,0.00,0.00,0.00,0.00
153.22,0.70,0,0,0,0,0.20,261.40,505,786,23.39,23.39,0.00,0.00,0.00,0.00,0.00,0.00,0.00,0.00
153.25,0.51,0,0,0,0,0.20,261.41,505,786,23.59,23.59,0.00,0.00,0.00,0.00,0.00,0.00,0.00,0.00
153.28,0.31,0,0,0,0,0.20,261.41,505,786,23.79,23.79,0.00,0.00,0.00,0.00,0.00,0.00,0.00,0.00
153.31,0.11,0,0,0,0,0.20,261.41,505,786,23.99,23.99,0.00,0.00,0.00,0.00,0.00,0.00,0.00,0.00
153.34,-0.08,0,0,0,0,0.20,261.41,505,786,24.19,24.19,0.00,0.00,0.00,0.00,0.00,0.00,0.00,0.00
153.36,-0.28,0,0,0,0,0.20,261.41,505,786,24.39,24.39,0.00,0.00,0.00,0.00,0.00,0.00,0.00,0.00
153.39,-0.48,0,0,0,0,0.20,261.41,505,786,24.59,24.59,0.00,0.00,0.00,0.00,0.00,0.00,0.00,0.00
153.42,-0.67,0,0,0,0,0.20,261.40,505,786,24.79,24.79,0.00,0.00,0.00,0.00,0.00,0.00,0.00,0.00
153.43,44.98,0,0,0,0,0.20,178.52,926,801,4.86,272.56,0.00,0.00,0.00,0.00,0.00,0.00,0.00,0.00
153.45,-0.87,0,0,0,0,0.20,261.40,505,786,24.99,24.99,0.00,0.00,0.00,0.00,0.00,0.00,0.00,0.00
153.48,-1.07,0,0,0,0,0.20,261.40,505,786,25.18,25.18,0.00,0.00,0.00,0.00,0.00,0.00,0.00,0.00
153.51,-1.27,0,0,0,0,0.20,261.40,505,786,25.38,25.38,0.00,0.00,0.00,0.00,0.00,0.00,0.00,0.00
153.54,-1.46,0,0,0,0,0.20,261.40,505,786,25.58,25.58,0.00,0.00,0.00,0.00,0.00,0.00,0.00,0.00
153.57,-1.66,0,0,0,0,0.20,261.40,505,786,25.78,25.78,0.00,0.00,0.00,0.00,0.00,0.00,0.00,0.00
153.60,-1.86,0,0,0,0,0.20,261.40,505,786,25.98,25.98,0.00,0.00,0.00,0.00,0.00,0.00,0.00,0.00
153.63,-2.05,0,0,0,0,0.20,261.40,505,786,26.18,26.18,0.00,0.00,0.00,0.00,0.00,0.00,0.00,0.00
153.66,-2.25,0,0,0,0,0.20,261.40,505,786,26.38,26.38,0.00,0.00,0.00,0.00,0.00,0.00,0.00,0.00
153.69,-2.45,0,0,0,0,0.20,261.40,505,786,26.58,26.58,0.00,0.00,0.00,0.00,0.00,0.00,0.00,0.00
153.71,44.99,0,0,0,0,0.20,178.72,926,801,4.66,272.76,0.00,0.00,0.00,0.00,0.00,0.00,0.00,0.00
153.72,-2.64,0,0,0,0,0.20,261.40,505,786,26.78,26.78,0.00,0.00,0.00,0.00,0.00,0.00,0.00,0.00
153.75,-2.84,0,0,0,0,0.20,261.39,505,786,26.98,26.98,0.00,0.00,0.00,0.00,0.00,0.00,0.00,0.00
153.78,-3.04,0,0,0,0,0.20,261.39,505,786,27.18,27.18,0.00,0.00,0.00,0.00,0.00,0.00,0.00,0.00
153.81,-3.23,0,0,0,0,0.20,261.39,505,786,27.37,27.37,0.00,0.00,0.00,0.00,0.00,0.00,0.00,0.00
153.84,-3.43,0,0,0,0,0.20,261.39,505,786,27.57,27.57,0.00,0.00,0.00,0.00,0.00,0.00,0.00,0.00
153.87,-3.63,0,0,0,0,0.20,261.39,505,786,27.77,27.77,0.00,0.00,0.00,0.00,0.00,0.00,0.00,0.00
153.90,-3.82,0,0,0,0,0.20,261.39,505,786,27.97,27.97,0.00,0.00,0.00,0.00,0.00,0.00,0.00,0.00
153.93,-4.02,0,0,0,0,0.20,261.38,505,786,28.17,28.17,0.00,0.00,0.00,0.00,0.00,0.00,0.00,0.00
153.96,-4.22,0,0,0,0,0.20,261.38,505,786,28.37,28.37,0.00,0.00,0.00,0.00,0.00,0.00,0.00,0.00
153.99,-4.41,0,0,0,0,0.20,261.38,505,786,28.57,28.57,0.00,0.00,0.00,0.00,0.00,0.00,0.00,0.00
154.00,44.99,0,0,0,0,0.20,178.92,926,801,4.46,272.96,0.00,0.00,0.00,0.00,0.00,0.00,0.00,0.00
154.02,-4.61,0,0,0,0,0.20,261.38,505,786,28.77,28.77,0.00,0.00,0.00,0.00,0.00,0.00,0.00,0.00
154.05,-4.81,0,0,0,0,0.20,261.37,505,786,28.97,28.97,0.00,0.00,0.00,0.00,0.00,0.00,0.00,0.00
154.08,-5.01,0,0,0,0,0.20,261.37,505,786,29.17,29.17,0.00,0.00,0.00,0.00,0.00,0.00,0.00,0.00
154.11,-5.20,0,0,0,0,0.20,261.37,505,786,29.36,29.36,0.00,0.00,0.00,0.00,0.00,0.00,0.00,0.00
154.14,-5.40,0,0,0,0,0.20,261.37,505,786,29.56,29.56,0.00,0.00,0.00,0.00,0.00,0.00,0.00,0.00
154.17,-5.60,0,0,0,0,0.20,261.36,505,786,29.76,29.76,0.00,0.00,0.00,0.00,0.00,0.00,0.00,0.00
154.20,-5.79,0,0,0,0,0.20,261.36,505,786,29.96,29.96,0.00,0.00,0.00,0.00,0.00,0.00,0.00,0.00
154.23,-5.99,0,0,0,0,0.20,261.36,505,786,30.16,30.16,0.00,0.00,0.00,0.00,0.00,0.00,0.00,0.00
154.26,-6.19,0,0,0,0,0.20,261.35,505,786,30.36,30.36,0.00,0.00,0.00,0.00,0.00,0.00,0.00,0.00
154.28,44.99,0,0,0,0,0.20,179.12,926,801,4.26,273.16,0.00,0.00,0.00,0.00,0.00,0.00,0.00,0.00
154.29,-6.38,0,0,0,0,0.20,261.35,505,786,30.56,30.56,0.00,0.00,0.00,0.00,0.00,0.00,0.00,0.00
154.32,-6.58,0,0,0,0,0.20,261.35,505,786,30.76,30.76,0.00,0.00,0.00,0.00,0.00,0.00,0.00,0.00
154.35,-6.78,0,0,0,0,0.20,261.34,505,786,30.96,30.96,0.00,0.00,0.00,0.00,0.00,0.00,0.00,0.00
154.38,-6.97,0,0,0,0,0.20,261.34,505,786,31.16,31.16,0.00,0.00,0.00,0.00,0.00,0.00,0.00,0.00
154.41,-7.17,0,0,0,0,0.20,261.34,505,786,31.36,31.36,0.00,0.00,0.00,0.00,0.00,0.00,0.00,0.00
154.44,-7.37,0,0,0,0,0.20,261.33,505,786,31.55,31.55,0.00,0.00,0.00,0.00,0.00,0.00,0.00,0.00
154.47,-7.56,0,0,0,0,0.20,261.33,505,786,31.75,31.75,0.00,0.00,0.00,0.00,0.00,0.00,0.00,0.00
154.50,-7.76,0,0,0,0,0.20,261.33,505,786,31.95,31.95,0.00,0.00,0.00,0.00,0.00,0.00,0.00,0.00
154.53,-7.96,0,0,0,0,0.20,261.32,505,786,32.15,32.15,0.00,0.00,0.00,0.00,0.00,0.00,0.00,0.00
154.56,45.00,0,0,0,0,0.20,179.32,926,801,4.06,273.36,0.00,0.00,0.00,0.00,0.00,0.00,0.00,0.00
154.56,-8.15,0,0,0,0,0.20,261.32,505,786,32.35,32.35,0.00,0.00,0.00,0.00,0.00,0.00,0.00,0.00
154.59,-8.35,0,0,0,0,0.20,261.31,505,786,32.55,32.55,0.00,0.00,0.00,0.00,0.00,0.00,0.00,0.00
154.62,-8.55,0,0,0,0,0.20,261.31,505,786,32.75,32.75,0.00,0.00,0.00,0.00,0.00,0.00,0.00,0.00
154.65,-8.74,0,0,0,0,0.20,261.30,505,786,32.95,32.95,0.00,0.00,0.00,0.00,0.00,0.00,0.00,0.00
154.69,-8.94,0,0,0,0,0.20,261.30,505,786,33.15,33.15,0.00,0.00,0.00,0.00,0.00,0.00,0.00,0.00
154.72,-9.14,0,0,0,0,0.20,261.29,505,786,33.35,33.35,0.00,0.00,0.00,0.00,0.00,0.00,0.00,0.00
154.75,-9.34,0,0,0,0,0.20,261.29,505,786,33.55,33.55,0.00,0.00,0.00,0.00,0.00,0.00,0.00,0.00
154.78,-9.53,0,0,0,0,0.20,261.28,505,786,33.74,33.74,0.00,0.00,0.00,0.00,0.00,0.00,0.00,0.00
154.81,-9.73,0,0,0,0,0.20,261.28,505,786,33.94,33.94,0.00,0.00,0.00,0.00,0.00,0.00,0.00,0.00
154.84,-9.93,0,0,0,0,0.20,261.27,505,786,34.14,34.14,0.00,0.00,0.00,0.00,0.00,0.00,0.00,0.00
154.84,45.00,0,0,0,0,0.20,179.51,926,801,3.86,273.56,0.00,0.00,0.00,0.00,0.00,0.00,0.00,0.00
154.87,-10.12,0,0,0,0,0.20,261.27,505,786,34.34,34.34,0.00,0.00,0.00,0.00,0.00,0.00,0.00,0.00
154.90,-10.32,0,0,0,0,0.20,261.26,505,786,34.54,34.54,0.00,0.00,0.00,0.00,0.00,0.00,0.00,0.00
154.93,-10.52,0,0,0,0,0.20,261.26,505,786,34.74,34.74,0.00,0.00,0.00,0.00,0.00,0.00,0.00,0.00
154.96,-10.71,0,0,0,0,0.20,261.25,505,786,34.94,34.94,0.00,0.00,0.00,0.00,0.00,0.00,0.00,0.00
154.99,-10.91,0,0,0,0,0.20,261.25,505,786,35.14,35.14,0.00,0.00,0.00,0.00,0.00,0.00,0.00,0.00
155.02,-11.11,0,0,0,0,0.20,261.24,505,786,35.34,35.34,0.00,0.00,0.00,0.00,0.00,0.00,0.00,0.00
155.05,-11.30,0,0,0,0,0.20,261.23,505,786,35.54,35.54,0.00,0.00,0.00,0.00,0.00,0.00,0.00,0.00
155.08,-11.50,0,0,0,0,0.20,261.23,505,786,35.74,35.74,0.00,0.00,0.00,0.00,0.00,0.00,0.00,0.00
155.12,-11.70,0,0,0,0,0.20,261.22,505,786,35.93,35.93,0.00,0.00,0.00,0.00,0.00,0.00,0.00,0.00
155.12,45.00,0,0,0,0,0.20,179.71,926,801,3.66,273.76,0.00,0.00,0.00,0.00,0.00,0.00,0.00,0.00
155.41,45.00,0,0,0,0,0.20,179.91,926,801,3.46,273.96,0.00,0.00,0.00,0.00,0.00,0.00,0.00,0.00
155.69,45.00,0,0,0,0,0.20,180.11,926,801,3.26,274.16,0.00,0.00,0.00,0.00,0.00,0.00,0.00,0.00
155.97,45.00,0,0,0,0,0.20,180.31,926,801,3.06,274.36,0.00,0.00,0.00,0.00,0.00,0.00,0.00,0.00
156.25,45.00,0,0,0,0,0.20,180.51,926,801,2.86,274.56,0.00,0.00,0.00,0.00,0.00,0.00,0.00,0.00
156.53,45.00,0,0,0,0,0.20,180.71,926,801,2.67,274.76,0.00,0.00,0.00,0.00,0.00,0.00,0.00,0.00
156.82,44.99,0,0,0,0,0.20,180.91,926,801,2.47,274.96,0.00,0.00,0.00,0.00,0.00,0.00,0.00,0.00
157.10,44.99,0,0,0,0,0.20,181.11,926,801,2.27,275.16,0.00,0.00,0.00,0.00,0.00,0.00,0.00,0.00
157.38,44.98,0,0,0,0,0.20,181.31,926,801,2.07,275.36,0.00,0.00,0.00,0.00,0.00,0.00,0.00,0.00
157.66,44.98,0,0,0,0,0.20,181.51,926,801,1.87,275.55,0.00,0.00,0.00,0.00,0.00,0.00,0.00,0.00
157.94,44.97,0,0,0,0,0.20,181.71,926,801,1.67,275.75,0.00,0.00,0.00,0.00,0.00,0.00,0.00,0.00
158.23,44.97,0,0,0,0,0.20,181.91,926,801,1.47,275.95,0.00,0.00,0.00,0.00,0.00,0.00,0.00,0.00
158.51,44.96,0,0,0,0,0.20,182.11,926,801,1.27,276.15,0.00,0.00,0.00,0.00,0.00,0.00,0.00,0.00
158.79,44.95,0,0,0,0,0.20,182.31,926,801,1.07,276.35,0.00,0.00,0.00,0.00,0.00,0.00,0.00,0.00
159.07,44.94,0,0,0,0,0.20,182.50,926,801,0.87,276.55,0.00,0.00,0.00,0.00,0.00,0.00,0.00,0.00
159.35,44.94,0,0,0,0,0.20,182.70,926,801,0.67,276.75,0.00,0.00,0.00,0.00,0.00,0.00,0.00,0.00
165.50,-28.20,0,0,0,0,0.19,252.40,926,801,0.48,276.95,0.00,0.00,0.00,0.00,0.00,0.00,0.00,0.00
165.56,-28.38,0,0,0,0,0.19,252.37,926,801,0.29,277.14,0.00,0.00,0.00,0.00,0.00,0.00,0.00,0.00
165.63,-28.56,0,0,0,0,0.19,252.34,926,801,0.10,277.33,0.00,0.00,0.00,0.00,0.00,0.00,0.00,0.00
