dist_nearest_edge,trench_abs_ortho,conv_ortho,conv_paral,label
2.63,-3.81,11.97,1.2,True
5.86,-1.97,6.33,-2.97,True
5.33,-2.87,6.75,-3.04,True
5.33,-2.87,6.75,-3.04,True
5.86,-1.97,6.33,-2.97,True
0.09,-2.58,5.18,0.37,True
1.52,-3.11,8.38,-3.83,True
1.52,-3.11,8.38,-3.83,True
1.52,-3.11,8.38,-3.83,True
1.52,-3.11,8.38,-3.83,True
7.44,-1.77,3.74,-2.37,True
7.38,-1.98,3.59,-2.26,True
2.1,-4.3,13.28,1.26,True
2.1,-4.3,13.28,1.26,True
2.9,-4.25,13.28,1.25,True
2.9,-4.25,13.28,1.25,True
2.9,-4.25,13.28,1.25,True
2.9,-4.25,13.28,1.25,True
2.9,-4.25,13.28,1.25,True
2.9,-4.25,13.28,1.25,True
2.9,-4.25,13.28,1.25,True
2.9,-4.25,13.28,1.25,True
2.9,-4.25,13.28,1.25,True
2.9,-4.25,13.28,1.25,True
2.9,-4.25,13.28,1.25,True
2.36,-4.28,13.32,1.2,True
2.36,-4.28,13.32,1.2,True
2.36,-4.28,13.32,1.2,True
2.36,-4.28,13.32,1.2,True
2.36,-4.28,13.32,1.2,True
2.36,-4.28,13.32,1.2,True
2.36,-4.28,13.32,1.2,True
2.36,-4.28,13.32,1.2,True
6.62,-2.96,13.37,0.27,True
7.13,-2.98,13.13,0.04,True
5.84,-2.33,12.03,0.95,True
7.87,-2.4,12.84,1.5,True
5.91,-2.34,0.07,-2.73,True
5.91,-2.34,0.07,-2.73,True
5.91,-2.34,0.07,-2.73,True
0.08,-2.45,9.99,3.42,True
0.09,-1.75,9.28,2.98,True
3.26,-2.63,1.51,-7.37,True
0.09,-1.75,9.28,2.98,True
0.08,-2.45,9.99,3.42,True
0.09,-1.75,9.28,2.98,True
0.09,-1.75,9.28,2.98,True
0.09,-1.75,9.28,2.98,True
3.43,-2.63,1.31,-7.32,True
3.43,-2.63,1.31,-7.32,True
3.43,-2.63,1.31,-7.32,True
3.43,-2.63,1.31,-7.32,True
0.09,-1.75,9.28,2.98,True
3.43,-2.63,1.31,-7.32,True
3.26,-2.63,1.51,-7.37,True
3.26,-2.63,1.51,-7.37,True
3.26,-2.63,1.51,-7.37,True
3.26,-2.63,1.51,-7.37,True
0.1,-3.32,3.32,0.56,True
5.92,-2.76,11.5,0.98,True
5.84,-2.33,12.03,0.95,True
5.92,-2.76,11.5,0.98,True
5.91,-2.34,0.07,-2.73,True
5.68,-2.34,-0.96,-3.51,True
5.68,-2.34,-0.96,-3.51,True
5.68,-2.34,-0.96,-3.51,True
0.08,-1.81,4.11,-0.86,True
0.08,-1.81,4.11,-0.86,True
0.08,-1.81,4.11,-0.86,True
0.08,-1.81,4.11,-0.86,True
0.08,-1.81,4.11,-0.86,True
0.07,-2.52,4.93,1.02,True
0.09,-2.67,4.93,0.13,True
0.09,-2.67,4.93,0.13,True
0.09,-2.67,4.93,0.13,True
0.09,-2.61,4.87,0.1,True
0.09,-2.67,4.93,0.13,True
0.09,-2.5,5.13,0.34,True
0.09,-2.58,5.18,0.37,True
0.09,-2.58,5.18,0.37,True
0.09,-2.58,5.18,0.37,True
5.92,-2.76,11.5,0.98,True
5.91,-2.34,0.07,-2.73,True
1.71,-3.11,8.31,-3.83,True
1.71,-3.11,8.31,-3.83,True
6.93,-2.87,10.37,0.38,True
1.34,-3.12,8.14,-4.53,True
1.52,-2.35,5.03,-4.3,True
1.52,-2.35,5.03,-4.3,True
0.1,-2.42,4.56,-3.01,True
0.07,-5.29,7.16,3.44,True
1.04,-5.34,7.21,3.86,True
0.09,-4.07,8.51,-4.43,True
0.09,-4.07,8.51,-4.43,True
0.09,-4.07,8.51,-4.43,True
1.04,-5.34,7.21,3.86,True
1.04,-5.34,7.21,3.86,True
1.04,-5.34,7.21,3.86,True
1.04,-5.34,7.21,3.86,True
1.04,-5.34,7.21,3.86,True
1.04,-5.34,7.21,3.86,True
1.04,-5.34,7.21,3.86,True
1.04,-5.34,7.21,3.86,True
1.04,-5.34,7.21,3.86,True
1.04,-5.34,7.21,3.86,True
1.04,-5.34,7.21,3.86,True
1.04,-5.34,7.21,3.86,True
1.04,-5.34,7.21,3.86,True
1.04,-5.34,7.21,3.86,True
1.04,-5.34,7.21,3.86,True
3.65,-1.95,4.34,-1.43,True
1.04,-5.34,7.21,3.86,True
1.04,-5.34,7.21,3.86,True
1.04,-5.34,7.21,3.86,True
1.04,-5.34,7.21,3.86,True
1.04,-5.34,7.21,3.86,True
1.04,-5.34,7.21,3.86,True
1.04,-5.34,7.21,3.86,True
1.04,-5.34,7.21,3.86,True
1.04,-5.34,7.21,3.86,True
1.04,-5.34,7.21,3.86,True
1.04,-5.34,7.21,3.86,True
0.09,-4.07,8.51,-4.43,True
1.04,-5.34,7.21,3.86,True
1.04,-5.34,7.21,3.86,True
1.04,-5.34,7.21,3.86,True
1.04,-5.34,7.21,3.86,True
1.04,-5.34,7.21,3.86,True
1.04,-5.34,7.21,3.86,True
1.04,-5.34,7.21,3.86,True
1.04,-5.34,7.21,3.86,True
1.04,-5.34,7.21,3.86,True
1.04,-5.34,7.21,3.86,True
1.04,-5.34,7.21,3.86,True
1.04,-5.34,7.21,3.86,True
1.04,-5.34,7.21,3.86,True
1.04,-5.34,7.21,3.86,True
1.04,-5.34,7.21,3.86,True
0.09,-4.07,8.51,-4.43,True
0.09,-4.07,8.51,-4.43,True
0.09,-4.07,8.51,-4.43,True
0.09,-4.07,8.51,-4.43,True
0.09,-4.07,8.51,-4.43,True
0.09,-4.07,8.51,-4.43,True
0.09,-4.07,8.51,-4.43,True
0.09,-4.07,8.51,-4.43,True
0.09,-4.07,8.51,-4.43,True
0.09,-4.07,8.51,-4.43,True
0.09,-4.07,8.51,-4.43,True
0.09,-4.07,8.51,-4.43,True
0.09,-4.07,8.51,-4.43,True
0.09,-4.07,8.51,-4.43,True
0.09,-4.07,8.51,-4.43,True
0.09,-4.07,8.51,-4.43,True
0.09,-4.07,8.51,-4.43,True
0.09,-4.07,8.51,-4.43,True
1.04,-5.34,7.21,3.86,True
1.04,-5.34,7.21,3.86,True
1.04,-5.34,7.21,3.86,True
1.04,-5.34,7.21,3.86,True
1.04,-5.34,7.21,3.86,True
3.65,-1.95,4.34,-1.43,True
3.65,-1.95,4.34,-1.43,True
0.09,-4.07,8.51,-4.43,True
0.1,-0.1,2.04,4.59,True
0.1,-0.1,2.04,4.59,True
0.1,-0.1,2.04,4.59,True
0.1,-0.1,2.04,4.59,True
0.1,-0.1,2.04,4.59,True
0.1,-0.1,2.04,4.59,True
0.1,-0.1,2.04,4.59,True
0.1,-0.1,2.04,4.59,True
0.1,-0.1,2.04,4.59,True
0.1,-0.1,2.04,4.59,True
0.1,-0.1,2.04,4.59,True
0.1,-0.1,2.04,4.59,True
0.1,-0.1,2.04,4.59,True
0.1,-0.1,2.04,4.59,True
0.1,-0.1,2.04,4.59,True
0.1,-0.1,2.04,4.59,True
0.1,-0.1,2.04,4.59,True
0.1,-0.1,2.04,4.59,True
0.1,-0.1,2.04,4.59,True
0.1,-0.1,2.04,4.59,True
0.1,-0.1,2.04,4.59,True
0.1,-0.1,2.04,4.59,True
0.1,-0.1,2.04,4.59,True
0.1,-0.1,2.04,4.59,True
0.1,-0.1,2.04,4.59,True
0.1,-0.1,2.04,4.59,True
6.86,-3.93,8.79,-5.04,True
6.86,-3.93,8.79,-5.04,True
6.86,-3.93,8.79,-5.04,True
6.86,-3.93,8.79,-5.04,True
6.86,-3.93,8.79,-5.04,True
6.86,-3.93,8.79,-5.04,True
6.86,-3.93,8.79,-5.04,True
6.86,-3.93,8.79,-5.04,True
6.86,-3.93,8.79,-5.04,True
6.86,-3.93,8.79,-5.04,True
6.86,-3.93,8.79,-5.04,True
6.86,-3.93,8.79,-5.04,True
6.86,-3.93,8.79,-5.04,True
6.86,-3.93,8.79,-5.04,True
6.86,-3.93,8.79,-5.04,True
6.86,-3.93,8.79,-5.04,True
6.86,-3.93,8.79,-5.04,True
6.86,-3.93,8.79,-5.04,True
6.86,-3.93,8.79,-5.04,True
6.86,-3.93,8.79,-5.04,True
6.86,-3.93,8.79,-5.04,True
6.86,-3.93,8.79,-5.04,True
6.86,-3.93,8.79,-5.04,True
6.86,-3.93,8.79,-5.04,True
6.86,-3.93,8.79,-5.04,True
6.86,-3.93,8.79,-5.04,True
6.86,-3.93,8.79,-5.04,True
6.86,-3.93,8.79,-5.04,True
6.86,-3.93,8.79,-5.04,True
6.86,-3.93,8.79,-5.04,True
6.86,-3.93,8.79,-5.04,True
6.86,-3.93,8.79,-5.04,True
6.86,-3.93,8.79,-5.04,True
6.86,-3.93,8.79,-5.04,True
6.86,-3.93,8.79,-5.04,True
6.86,-3.93,8.79,-5.04,True
6.86,-3.93,8.79,-5.04,True
6.86,-3.93,8.79,-5.04,True
6.86,-3.93,8.79,-5.04,True
6.86,-3.93,8.79,-5.04,True
6.86,-3.93,8.79,-5.04,True
0.09,-4.07,8.51,-4.43,True
1.04,-5.34,7.21,3.86,True
0.09,-4.07,8.51,-4.43,True
1.04,-5.34,7.21,3.86,True
1.04,-5.34,7.21,3.86,True
1.04,-5.34,7.21,3.86,True
1.04,-5.34,7.21,3.86,True
1.04,-5.34,7.21,3.86,True
1.04,-5.34,7.21,3.86,True
1.04,-5.34,7.21,3.86,True
1.04,-5.34,7.21,3.86,True
1.04,-5.34,7.21,3.86,True
0.09,-4.07,8.51,-4.43,True
0.09,-4.07,8.51,-4.43,True
1.04,-5.34,7.21,3.86,True
1.04,-5.34,7.21,3.86,True
1.04,-5.34,7.21,3.86,True
1.04,-5.34,7.21,3.86,True
1.04,-5.34,7.21,3.86,True
0.09,-4.07,8.51,-4.43,True
0.09,-4.07,8.51,-4.43,True
0.09,-4.07,8.51,-4.43,True
0.09,-4.07,8.51,-4.43,True
0.09,-4.07,8.51,-4.43,True
1.04,-5.34,7.21,3.86,True
1.04,-5.34,7.21,3.86,True
0.09,-4.07,8.51,-4.43,True
1.04,-5.34,7.21,3.86,True
1.04,-5.34,7.21,3.86,True
3.65,-1.95,4.34,-1.43,True
1.04,-5.34,7.21,3.86,True
1.04,-5.34,7.21,3.86,True
1.04,-5.34,7.21,3.86,True
1.04,-5.34,7.21,3.86,True
2.82,-2.32,3.86,-4.98,True
6.86,-3.93,8.79,-5.04,True
6.86,-3.93,8.79,-5.04,True
6.86,-3.93,8.79,-5.04,True
6.86,-3.93,8.79,-5.04,True
6.86,-3.93,8.79,-5.04,True
6.86,-3.93,8.79,-5.04,True
6.86,-3.93,8.79,-5.04,True
6.86,-3.93,8.79,-5.04,True
6.86,-3.93,8.79,-5.04,True
6.86,-3.93,8.79,-5.04,True
6.86,-3.93,8.79,-5.04,True
6.86,-3.93,8.79,-5.04,True
6.86,-3.93,8.79,-5.04,True
6.86,-3.93,8.79,-5.04,True
6.86,-3.93,8.79,-5.04,True
6.86,-3.93,8.79,-5.04,True
6.86,-3.93,8.79,-5.04,True
6.86,-3.93,8.79,-5.04,True
6.86,-3.93,8.79,-5.04,True
6.86,-3.93,8.79,-5.04,True
6.86,-3.93,8.79,-5.04,True
6.86,-3.93,8.79,-5.04,True
6.86,-3.93,8.79,-5.04,True
6.86,-3.93,8.79,-5.04,True
1.61,-3.96,11.69,-1.14,True
0.1,-0.1,2.04,4.59,True
0.1,-0.1,2.04,4.59,True
0.1,-0.1,2.04,4.59,True
0.1,-0.1,2.04,4.59,True
0.1,-0.1,2.04,4.59,True
0.1,-0.1,2.04,4.59,True
0.1,-0.1,2.04,4.59,True
0.1,-0.1,2.04,4.59,True
0.1,-0.1,2.04,4.59,True
0.1,-0.1,2.04,4.59,True
0.1,-0.1,2.04,4.59,True
6.22,-2.96,13.25,0.27,True
6.82,-2.96,13.43,0.27,True
0.08,-1.81,4.11,-0.86,True
0.08,-1.81,4.11,-0.86,True
5.43,-2.95,13.01,0.27,True
0.09,-2.13,10.45,-1.24,True
5.43,-2.95,13.01,0.27,True
5.43,-2.95,13.01,0.27,True
5.43,-2.95,13.01,0.27,True
5.43,-2.95,13.01,0.27,True
5.43,-2.95,13.01,0.27,True
5.43,-2.95,13.01,0.27,True
4.34,-1.63,9.81,0.08,True
4.34,-1.63,9.81,0.08,True
4.34,-1.63,9.81,0.08,True
5.04,-2.94,12.89,0.27,True
5.04,-2.94,12.89,0.27,True
5.04,-2.94,12.89,0.27,True
5.04,-2.94,12.89,0.27,True
5.04,-2.94,12.89,0.27,True
5.04,-2.94,12.89,0.27,True
5.04,-2.94,12.89,0.27,True
5.04,-2.94,12.89,0.27,True
5.04,-2.94,12.89,0.27,True
4.34,-1.63,9.81,0.08,True
0.08,-1.81,4.11,-0.86,True
0.08,-1.81,4.11,-0.86,True
0.47,-2.11,10.48,-1.24,True
0.08,-1.81,4.11,-0.86,True
0.28,-2.12,10.46,-1.24,True
0.08,-1.81,4.11,-0.86,True
0.08,-1.81,4.11,-0.86,True
0.08,-1.81,4.11,-0.86,True
0.08,-1.81,4.11,-0.86,True
0.09,-2.5,5.13,0.34,True
10.07,-2.96,17.63,3.24,True
10.07,-2.96,17.63,3.24,True
10.07,-2.96,17.63,3.24,True
5.18,-3.96,9.28,-5.18,True
1.04,-5.34,7.21,3.86,True
5.32,-3.88,10.52,-1.16,True
6.86,-3.93,8.79,-5.04,True
6.86,-3.93,8.79,-5.04,True
6.86,-3.93,8.79,-5.04,True
6.86,-3.93,8.79,-5.04,True
6.86,-3.93,8.79,-5.04,True
6.86,-3.93,8.79,-5.04,True
6.86,-3.93,8.79,-5.04,True
6.86,-3.93,8.79,-5.04,True
6.86,-3.93,8.79,-5.04,True
6.86,-3.93,8.79,-5.04,True
6.86,-3.93,8.79,-5.04,True
6.86,-3.93,8.79,-5.04,True
6.86,-3.93,8.79,-5.04,True
6.86,-3.93,8.79,-5.04,True
6.86,-3.93,8.79,-5.04,True
6.86,-3.93,8.79,-5.04,True
6.86,-3.93,8.79,-5.04,True
6.86,-3.93,8.79,-5.04,True
6.86,-3.93,8.79,-5.04,True
6.86,-3.93,8.79,-5.04,True
6.86,-3.93,8.79,-5.04,True
6.86,-3.93,8.79,-5.04,True
6.86,-3.93,8.79,-5.04,True
6.86,-3.93,8.79,-5.04,True
6.86,-3.93,8.79,-5.04,True
6.86,-3.93,8.79,-5.04,True
6.86,-3.93,8.79,-5.04,True
6.86,-3.93,8.79,-5.04,True
6.86,-3.93,8.79,-5.04,True
6.86,-3.93,8.79,-5.04,True
6.86,-3.93,8.79,-5.04,True
6.86,-3.93,8.79,-5.04,True
6.86,-3.93,8.79,-5.04,True
6.86,-3.93,8.79,-5.04,True
6.86,-3.93,8.79,-5.04,True
6.86,-3.93,8.79,-5.04,True
6.86,-3.93,8.79,-5.04,True
6.86,-3.93,8.79,-5.04,True
6.86,-3.93,8.79,-5.04,True
6.86,-3.93,8.79,-5.04,True
6.86,-3.93,8.79,-5.04,True
6.86,-3.93,8.79,-5.04,True
6.86,-3.93,8.79,-5.04,True
6.86,-3.93,8.79,-5.04,True
5.72,-0.26,5.95,3.78,True
5.32,-0.26,5.89,3.78,True
5.72,-0.26,5.95,3.78,True
5.13,-0.25,5.86,3.78,True
5.13,-2.39,14.7,2.17,True
6.86,-3.93,8.79,-5.04,True
6.86,-3.93,8.79,-5.04,True
6.86,-3.93,8.79,-5.04,True
6.86,-3.93,8.79,-5.04,True
6.86,-3.93,8.79,-5.04,True
6.86,-3.93,8.79,-5.04,True
5.49,-2.38,14.79,2.17,True
5.49,-2.38,14.79,2.17,True
5.49,-2.38,14.79,2.17,True
5.49,-2.38,14.79,2.17,True
5.49,-2.38,14.79,2.17,True
5.49,-2.38,14.79,2.17,True
0.08,-1.81,4.11,-0.86,True
5.49,-2.38,14.79,2.17,True
5.49,-2.38,14.79,2.17,True
5.49,-2.38,14.79,2.17,True
5.49,-2.38,14.79,2.17,True
5.49,-2.38,14.79,2.17,True
5.49,-2.38,14.79,2.17,True
5.49,-2.38,14.79,2.17,True
5.49,-2.38,14.79,2.17,True
8.85,-0.05,5.05,-0.95,True
8.65,-0.06,5.05,-0.95,True
6.4,-3.95,9.01,-4.92,True
6.4,-3.95,9.01,-4.92,True
0.09,-5.06,6.89,3.86,True
0.09,-5.06,6.89,3.86,True
1.61,-3.96,11.69,-1.14,True
0.09,-5.06,6.89,3.86,True
0.09,-5.06,6.89,3.86,True
0.09,-5.06,6.89,3.86,True
0.09,-5.06,6.89,3.86,True
5.43,-2.95,13.01,0.27,True
5.04,-2.94,12.89,0.27,True
5.04,-2.94,12.89,0.27,True
5.04,-2.94,12.89,0.27,True
5.04,-2.94,12.89,0.27,True
5.04,-2.94,12.89,0.27,True
5.04,-2.94,12.89,0.27,True
5.04,-2.94,12.89,0.27,True
5.04,-2.94,12.89,0.27,True
5.13,-2.39,14.7,2.17,True
8.52,-2.46,8.15,-2.27,True
5.18,-3.96,9.28,-5.18,True
5.18,-3.96,9.28,-5.18,True
8.85,-0.05,5.05,-0.95,True
5.18,-3.96,9.28,-5.18,True
6.4,-3.95,9.01,-4.92,True
6.4,-3.95,9.01,-4.92,True
5.18,-3.96,9.28,-5.18,True
5.18,-3.96,9.28,-5.18,True
1.04,-5.34,7.21,3.86,True
5.18,-3.96,9.28,-5.18,True
1.04,-5.34,7.21,3.86,True
1.04,-5.34,7.21,3.86,True
1.04,-5.34,7.21,3.86,True
1.04,-5.34,7.21,3.86,True
6.86,-3.93,8.79,-5.04,True
6.86,-3.93,8.79,-5.04,True
6.86,-3.93,8.79,-5.04,True
6.86,-3.93,8.79,-5.04,True
6.86,-3.93,8.79,-5.04,True
6.86,-3.93,8.79,-5.04,True
6.86,-3.93,8.79,-5.04,True
6.86,-3.93,8.79,-5.04,True
6.86,-3.93,8.79,-5.04,True
6.86,-3.93,8.79,-5.04,True
6.86,-3.93,8.79,-5.04,True
6.86,-3.93,8.79,-5.04,True
6.86,-3.93,8.79,-5.04,True
6.86,-3.93,8.79,-5.04,True
6.86,-3.93,8.79,-5.04,True
6.86,-3.93,8.79,-5.04,True
6.86,-3.93,8.79,-5.04,True
6.86,-3.93,8.79,-5.04,True
6.86,-3.93,8.79,-5.04,True
6.86,-3.93,8.79,-5.04,True
6.86,-3.93,8.79,-5.04,True
6.86,-3.93,8.79,-5.04,True
6.86,-3.93,8.79,-5.04,True
6.86,-3.93,8.79,-5.04,True
6.86,-3.93,8.79,-5.04,True
6.86,-3.93,8.79,-5.04,True
6.86,-3.93,8.79,-5.04,True
6.86,-3.93,8.79,-5.04,True
6.86,-3.93,8.79,-5.04,True
6.86,-3.93,8.79,-5.04,True
6.86,-3.93,8.79,-5.04,True
1.04,-5.34,7.21,3.86,True
1.04,-5.34,7.21,3.86,True
3.65,-1.95,4.34,-1.43,True
1.04,-5.34,7.21,3.86,True
1.04,-5.34,7.21,3.86,True
1.04,-5.34,7.21,3.86,True
3.64,-2.08,6.1,-6.37,True
3.64,-2.08,6.1,-6.37,True
1.04,-5.34,7.21,3.86,True
3.37,-1.68,9.85,-0.23,True
1.04,-5.34,7.21,3.86,True
1.04,-5.34,7.21,3.86,True
4.69,-1.63,3.07,-3.08,True
6.62,-2.96,13.37,0.27,True
6.62,-2.96,13.37,0.27,True
6.62,-2.96,13.37,0.27,True
3.94,-1.97,4.36,-1.41,True
6.64,-3.93,8.79,-5.17,True
4.65,-2.0,4.42,-1.35,True
3.34,-3.98,8.33,-5.29,True
5.04,-2.94,12.89,0.27,True
5.04,-2.94,12.89,0.27,True
5.04,-2.94,12.89,0.27,True
5.04,-2.94,12.89,0.27,True
5.43,-2.95,13.01,0.27,True
2.47,-2.91,12.09,0.31,True
1.68,-2.9,11.83,0.31,True
1.29,-2.89,11.71,0.31,True
1.68,-2.9,11.83,0.31,True
3.18,-2.46,6.42,-3.56,True
5.67,-4.25,6.45,-2.08,True
10.64,-1.59,9.45,0.08,True
0.08,-2.39,4.97,0.19,True
0.08,-2.39,4.97,0.19,True
2.89,-4.1,4.18,0.45,True
6.4,-3.95,9.01,-4.92,True
6.4,-3.95,9.01,-4.92,True
6.4,-3.95,9.01,-4.92,True
6.4,-3.95,9.01,-4.92,True
6.4,-3.95,9.01,-4.92,True
6.4,-3.95,9.01,-4.92,True
6.4,-3.95,9.01,-4.92,True
6.4,-3.95,9.01,-4.92,True
7.02,-2.96,13.48,0.27,True
0.09,-2.13,10.45,-1.24,True
0.09,-2.13,10.45,-1.24,True
6.4,-3.95,9.01,-4.92,True
6.4,-3.95,9.01,-4.92,True
5.32,-3.88,10.52,-1.16,True
5.32,-3.88,10.52,-1.16,True
6.4,-3.95,9.01,-4.92,True
6.4,-3.95,9.01,-4.92,True
6.4,-3.95,9.01,-4.92,True
6.4,-3.95,9.01,-4.92,True
6.4,-3.95,9.01,-4.92,True
6.4,-3.95,9.01,-4.92,True
6.4,-3.95,9.01,-4.92,True
6.4,-3.95,9.01,-4.92,True
6.4,-3.95,9.01,-4.92,True
6.4,-3.95,9.01,-4.92,True
1.04,-5.34,7.21,3.86,True
1.04,-5.34,7.21,3.86,True
3.18,-2.01,4.41,-1.37,True
5.28,-4.21,6.44,-2.08,True
12.06,-0.53,7.21,3.24,True
5.28,-4.21,6.44,-2.08,True
5.28,-4.21,6.44,-2.08,True
9.87,-2.96,17.63,3.24,True
9.87,-2.96,17.63,3.24,True
9.87,-2.96,17.63,3.24,True
9.87,-2.96,17.63,3.24,True
9.87,-2.96,17.63,3.24,True
9.87,-2.96,17.63,3.24,True
9.87,-2.96,17.63,3.24,True
5.5,-1.7,4.15,-0.85,True
5.47,-1.81,4.3,-0.64,True
5.47,-1.81,4.3,-0.64,True
5.47,-1.81,4.3,-0.64,True
5.47,-1.81,4.3,-0.64,True
5.47,-1.81,4.3,-0.64,True
5.12,-1.86,4.36,-0.5,True
5.47,-1.81,4.3,-0.64,True
5.47,-1.81,4.3,-0.64,True
5.47,-1.81,4.3,-0.64,True
5.47,-1.81,4.3,-0.64,True
5.47,-1.81,4.3,-0.64,True
5.47,-1.81,4.3,-0.64,True
5.47,-1.81,4.3,-0.64,True
5.47,-1.81,4.3,-0.64,True
5.47,-1.81,4.3,-0.64,True
5.47,-1.81,4.3,-0.64,True
5.47,-1.81,4.3,-0.64,True
5.47,-1.81,4.3,-0.64,True
5.47,-1.81,4.3,-0.64,True
1.75,-5.15,6.33,2.39,True
1.75,-5.15,6.33,2.39,True
2.65,-2.21,3.09,-5.51,True
1.75,-5.15,6.33,2.39,True
1.75,-5.15,6.33,2.39,True
1.04,-5.34,7.21,3.86,True
1.04,-5.34,7.21,3.86,True
2.89,-4.1,4.18,0.45,True
2.65,-2.21,3.09,-5.51,True
2.82,-2.32,3.86,-4.98,True
2.82,-2.32,3.86,-4.98,True
6.4,-3.95,9.01,-4.92,True
6.4,-3.95,9.01,-4.92,True
6.4,-3.95,9.01,-4.92,True
6.4,-3.95,9.01,-4.92,True
6.4,-3.95,9.01,-4.92,True
0.1,-0.1,2.04,4.59,True
6.4,-3.95,9.01,-4.92,True
9.87,-2.96,17.63,3.24,True
9.87,-2.96,17.63,3.24,True
9.87,-2.96,17.63,3.24,True
9.87,-2.96,17.63,3.24,True
9.87,-2.96,17.63,3.24,True
9.87,-2.96,17.63,3.24,True
9.87,-2.96,17.63,3.24,True
9.87,-2.96,17.63,3.24,True
9.87,-2.96,17.63,3.24,True
9.87,-2.96,17.63,3.24,True
2.82,-2.32,3.86,-4.98,True
2.82,-2.32,3.86,-4.98,True
2.82,-2.32,3.86,-4.98,True
2.82,-2.32,3.86,-4.98,True
2.82,-2.32,3.86,-4.98,True
6.4,-3.95,9.01,-4.92,True
6.4,-3.95,9.01,-4.92,True
6.4,-3.95,9.01,-4.92,True
6.4,-3.95,9.01,-4.92,True
2.82,-2.32,3.86,-4.98,True
2.65,-2.21,3.09,-5.51,True
6.4,-3.95,9.01,-4.92,True
6.4,-3.95,9.01,-4.92,True
6.4,-3.95,9.01,-4.92,True
6.4,-3.95,9.01,-4.92,True
6.4,-3.95,9.01,-4.92,True
6.08,-3.64,12.17,1.46,True
6.08,-3.64,12.17,1.46,True
6.08,-3.64,12.17,1.46,True
8.41,-2.97,17.65,2.96,True
8.41,-2.97,17.65,2.96,True
8.25,-2.97,17.65,2.96,True
8.25,-2.97,17.65,2.96,True
8.25,-2.97,17.65,2.96,True
8.58,-2.97,17.66,2.96,True
8.41,-2.97,17.65,2.96,True
8.08,-2.97,13.8,0.3,True
8.41,-2.97,17.65,2.96,True
8.41,-2.97,17.65,2.96,True
2.65,-2.21,3.09,-5.51,True
2.65,-2.21,3.09,-5.51,True
2.65,-2.21,3.09,-5.51,True
2.65,-2.21,3.09,-5.51,True
2.65,-2.21,3.09,-5.51,True
2.65,-2.21,3.09,-5.51,True
2.65,-2.21,3.09,-5.51,True
1.04,-5.34,7.21,3.86,True
2.82,-2.32,3.86,-4.98,True
2.65,-2.21,3.09,-5.51,True
2.65,-2.21,3.09,-5.51,True
2.65,-2.21,3.09,-5.51,True
2.65,-2.21,3.09,-5.51,True
2.65,-2.21,3.09,-5.51,True
0.08,-2.39,4.97,0.19,True
0.08,-2.39,4.97,0.19,True
0.08,-2.39,4.97,0.19,True
2.82,-2.32,3.86,-4.98,True
2.82,-2.32,3.86,-4.98,True
2.82,-2.32,3.86,-4.98,True
2.82,-2.32,3.86,-4.98,True
2.82,-2.32,3.86,-4.98,True
6.29,-2.77,4.02,-9.48,True
6.29,-2.77,4.02,-9.48,True
7.87,-2.8,11.49,-3.68,True
7.87,-2.8,11.49,-3.68,True
7.76,-1.74,6.72,-10.05,True
7.76,-1.74,6.72,-10.05,True
7.22,-2.79,11.64,-3.8,True
7.87,-2.8,11.49,-3.68,True
7.87,-2.8,11.49,-3.68,True
7.87,-2.8,11.49,-3.68,True
7.22,-2.79,11.64,-3.8,True
0.08,-2.39,4.97,0.19,True
0.09,-2.5,5.13,0.34,True
0.09,-2.5,5.13,0.34,True
0.09,-2.5,5.13,0.34,True
0.08,-2.39,4.97,0.19,True
0.08,-2.39,4.97,0.19,True
0.08,-2.39,4.97,0.19,True
1.47,-1.82,3.99,-1.48,True
1.47,-1.82,3.99,-1.48,True
5.23,-1.77,3.77,-2.4,True
5.23,-1.77,3.77,-2.4,True
5.23,-1.77,3.77,-2.4,True
5.95,-1.79,3.87,-2.2,True
0.09,-2.5,5.13,0.34,True
0.09,-2.5,5.13,0.34,True
0.09,-2.5,5.13,0.34,True
10.63,0.16,5.05,-1.01,True
5.18,-3.96,9.28,-5.18,True
4.63,-3.92,9.13,-5.76,True
0.1,-0.1,2.04,4.59,True
0.1,-0.1,2.04,4.59,True
0.1,-0.1,2.04,4.59,True
0.1,-0.1,2.04,4.59,True
0.1,-0.1,2.04,4.59,True
5.51,-3.75,9.12,-1.2,True
0.1,-0.1,2.04,4.59,True
0.1,-0.1,2.04,4.59,True
6.6,-0.48,5.11,-0.35,True
0.1,-0.1,2.04,4.59,True
0.1,-0.1,2.04,4.59,True
2.77,-3.88,9.46,-1.36,True
2.96,-3.88,9.46,-1.36,True
2.77,-3.88,9.46,-1.36,True
2.77,-3.88,9.46,-1.36,True
0.09,-4.07,8.51,-4.43,True
1.33,-2.37,4.54,-4.66,True
1.33,-2.37,4.54,-4.66,True
1.29,-2.89,11.71,0.31,True
1.03,-3.97,11.88,-1.14,True
10.88,-1.68,9.28,-0.65,True
6.22,-2.96,13.25,0.27,True
2.18,-2.45,13.92,2.21,True
6.86,-3.93,8.79,-5.04,True
5.41,-2.96,-1.51,-0.41,True
11.61,-0.52,7.12,3.24,True
11.61,-0.52,7.12,3.24,True
11.61,-1.69,9.36,-0.65,True
11.61,-1.69,9.36,-0.65,True
9.5,0.0,5.61,3.1,True
9.5,0.0,5.61,3.1,True
9.5,0.0,5.61,3.1,True
9.48,-2.96,17.62,3.24,True
0.09,-2.13,10.45,-1.24,True
4.44,-2.93,12.7,0.31,True
3.96,-2.33,5.21,-6.56,True
3.96,-2.33,5.21,-6.56,True
1.09,-2.89,11.65,0.31,True
5.28,-4.21,6.44,-2.08,True
8.21,0.41,5.26,-4.24,True
1.04,-5.34,7.21,3.86,True
1.75,-5.15,6.33,2.39,True
1.75,-5.15,6.33,2.39,True
6.98,-2.45,7.79,-2.35,True
2.99,-1.68,9.87,-0.23,True
8.41,-2.97,17.65,2.96,True
0.09,-4.31,13.39,1.09,True
6.11,-1.62,9.72,0.08,True
0.09,-2.82,10.52,0.21,True
0.09,-2.82,10.52,0.21,True
5.49,-2.38,14.79,2.17,True
9.09,0.0,5.95,0.82,True
0.09,-2.82,10.52,0.21,True
0.09,-2.82,10.52,0.21,True
5.04,-2.94,12.89,0.27,True
5.08,-2.45,7.27,-2.64,True
0.09,-5.06,6.89,3.86,True
0.09,-5.06,6.89,3.86,True
5.63,-2.95,13.07,0.27,True
5.43,-2.95,13.01,0.27,True
5.04,-2.94,12.89,0.27,True
0.1,-0.1,2.04,4.59,True
7.48,-3.96,9.19,-3.79,True
7.59,-3.95,9.13,-3.79,True
7.48,-3.96,9.19,-3.79,True
0.08,-1.81,4.11,-0.86,True
0.08,-1.81,4.11,-0.86,True
0.08,-1.81,4.11,-0.86,True
8.95,-2.03,9.16,2.75,True
8.95,-2.03,9.16,2.75,True
8.69,0.7,2.03,0.93,True
0.09,-4.95,6.75,4.07,True
0.08,-2.29,11.96,7.83,True
0.08,-2.29,11.96,7.83,True
0.08,-2.29,11.96,7.83,True
0.08,-2.29,11.96,7.83,True
11.61,-0.52,7.12,3.24,True
1.09,-2.89,11.65,0.31,True
5.28,-4.21,6.44,-2.08,True
1.09,-2.89,11.65,0.31,True
0.1,-5.95,7.6,-2.18,True
0.08,-1.81,4.11,-0.86,True
0.49,-1.98,9.07,0.38,True
1.55,-2.74,13.48,3.41,True
11.22,-0.52,7.06,3.24,True
1.22,-3.97,11.82,-1.14,True
1.22,-3.97,11.82,-1.14,True
1.61,-3.96,11.69,-1.14,True
0.89,-1.82,3.97,-1.48,True
1.73,-2.74,13.42,3.41,True
8.58,0.26,5.45,-3.99,True
2.41,-2.01,8.58,-0.96,True
0.89,-1.82,3.97,-1.48,True
5.28,-4.21,6.44,-2.08,True
8.97,0.24,5.45,-3.99,True
8.97,0.24,5.45,-3.99,True
8.58,0.26,5.45,-3.99,True
0.89,-1.82,3.97,-1.48,True
1.44,-1.98,8.85,0.38,True
0.08,-1.81,4.11,-0.86,True
0.09,-2.13,10.45,-1.24,True
0.09,-2.13,10.45,-1.24,True
9.08,-2.96,17.62,3.24,True
9.08,-2.96,17.62,3.24,True
0.09,-2.13,10.45,-1.24,True
0.08,-1.81,4.11,-0.86,True
9.17,0.23,5.45,-3.99,True
1.06,-1.98,8.94,0.38,True
1.06,-1.98,8.94,0.38,True
1.06,-1.98,8.94,0.38,True
0.3,-3.0,11.36,-0.93,True
0.08,-1.81,4.11,-0.86,True
1.04,-5.34,7.21,3.86,True
1.04,-5.34,7.21,3.86,True
1.04,-5.34,7.21,3.86,True
1.04,-5.34,7.21,3.86,True
1.04,-5.34,7.21,3.86,True
1.22,-3.97,11.82,-1.14,True
1.22,-3.97,11.82,-1.14,True
8.94,0.0,2.22,1.68,True
9.17,0.23,5.45,-3.99,True
1.76,-4.13,4.21,0.45,True
4.69,-1.63,3.07,-3.08,True
6.46,-1.7,3.38,-2.81,True
6.46,-1.7,3.38,-2.81,True
6.22,-2.96,13.25,0.27,True
4.54,-0.25,5.76,3.78,True
11.48,0.14,5.04,-1.06,True
6.14,-3.96,12.92,2.78,True
6.22,-2.96,13.25,0.27,True
4.69,-1.63,3.07,-3.08,True
4.69,-1.63,3.07,-3.08,True
2.87,-3.97,11.23,-1.53,True
3.06,-3.97,11.16,-1.53,True
3.06,-3.97,11.16,-1.53,True
11.17,0.16,5.04,-1.06,True
11.17,0.16,5.04,-1.06,True
10.63,0.16,5.05,-1.01,True
2.51,-3.97,11.36,-1.44,True
5.51,-3.75,9.12,-1.2,True
2.37,-4.03,4.03,-0.61,True
2.37,-4.03,4.03,-0.61,True
5.51,-3.75,9.12,-1.2,True
5.51,-3.75,9.12,-1.2,True
6.6,-0.48,5.11,-0.35,True
1.83,-3.89,3.89,-0.61,True
11.61,-1.69,9.36,-0.65,True
8.58,0.26,5.45,-3.99,True
0.08,-1.81,4.11,-0.86,True
0.1,0.0,3.46,3.14,True
1.22,-3.97,11.82,-1.14,True
6.8,-1.68,3.31,-2.9,True
10.12,-0.85,9.89,3.18,True
9.72,-0.85,9.86,3.18,True
1.22,-3.97,11.82,-1.14,True
0.27,-3.74,12.13,1.13,True
1.22,-3.97,11.82,-1.14,True
2.33,-3.97,11.42,-1.44,True
0.1,-1.59,2.29,-3.43,True
11.48,0.14,5.04,-1.06,True
11.48,0.14,5.04,-1.06,True
0.1,-1.59,2.29,-3.43,True
11.48,0.14,5.04,-1.06,True
11.48,0.14,5.04,-1.06,True
11.48,0.14,5.04,-1.06,True
0.1,-1.59,2.29,-3.43,True
11.48,0.14,5.04,-1.06,True
11.48,0.14,5.04,-1.06,True
0.1,-1.59,2.29,-3.43,True
1.27,1.11,1.45,1.25,True
6.6,-0.48,5.11,-0.35,True
1.47,1.11,1.46,1.25,True
6.6,-0.48,5.11,-0.35,True
8.58,0.26,5.45,-3.99,True
2.15,-3.98,11.48,-1.44,True
1.97,-2.13,4.52,-1.5,True
4.64,-2.25,8.53,-2.48,True
4.64,-2.25,8.53,-2.48,True
6.64,-3.93,8.79,-5.17,True
6.64,-3.93,8.79,-5.17,True
6.64,-3.93,8.79,-5.17,True
4.64,-2.25,8.53,-2.48,True
6.64,-3.93,8.79,-5.17,True
6.64,-3.93,8.79,-5.17,True
6.64,-3.93,8.79,-5.17,True
6.64,-3.93,8.79,-5.17,True
6.64,-3.93,8.79,-5.17,True
4.64,-2.25,8.53,-2.48,True
4.64,-2.25,8.53,-2.48,True
4.64,-2.25,8.53,-2.48,True
4.64,-2.25,8.53,-2.48,True
4.64,-2.25,8.53,-2.48,True
6.64,-3.93,8.79,-5.17,True
4.64,-2.25,8.53,-2.48,True
6.64,-3.93,8.79,-5.17,True
6.64,-3.93,8.79,-5.17,True
6.64,-3.93,8.79,-5.17,True
4.64,-2.25,8.53,-2.48,True
4.64,-2.25,8.53,-2.48,True
4.64,-2.25,8.53,-2.48,True
4.64,-2.25,8.53,-2.48,True
6.64,-3.93,8.79,-5.17,True
6.64,-3.93,8.79,-5.17,True
4.64,-2.25,8.53,-2.48,True
4.64,-2.25,8.53,-2.48,True
4.64,-2.25,8.53,-2.48,True
4.64,-2.25,8.53,-2.48,True
4.64,-2.25,8.53,-2.48,True
4.64,-2.25,8.53,-2.48,True
4.64,-2.25,8.53,-2.48,True
6.64,-3.93,8.79,-5.17,True
6.64,-3.93,8.79,-5.17,True
6.64,-3.93,8.79,-5.17,True
4.64,-2.25,8.53,-2.48,True
4.64,-2.25,8.53,-2.48,True
4.64,-2.25,8.53,-2.48,True
6.64,-3.93,8.79,-5.17,True
4.64,-2.25,8.53,-2.48,True
4.64,-2.25,8.53,-2.48,True
0.08,-1.81,4.11,-0.86,True
0.08,-1.81,4.11,-0.86,True
0.08,-1.81,4.11,-0.86,True
0.08,-1.81,4.11,-0.86,True
0.08,-1.81,4.11,-0.86,True
12.55,0.0,5.68,3.1,True
6.52,0.0,3.34,2.97,True
10.07,-2.96,17.63,3.24,True
10.07,-2.96,17.63,3.24,True
10.07,-2.96,17.63,3.24,True
5.32,-3.88,10.52,-1.16,True
5.32,-3.88,10.52,-1.16,True
4.63,-3.92,9.13,-5.76,True
5.18,-3.96,9.28,-5.18,True
4.63,-3.92,9.13,-5.76,True
10.07,-2.96,17.63,3.24,True
10.07,-2.96,17.63,3.24,True
2.87,-2.91,12.21,0.31,True
1.04,-5.34,7.21,3.86,True
1.04,-5.34,7.21,3.86,True
0.09,-2.5,5.13,0.34,True
0.09,-2.5,5.13,0.34,True
0.09,-2.5,5.13,0.34,True
0.09,-4.07,8.51,-4.43,True
6.13,-0.31,2.63,4.15,True
6.13,-0.31,2.63,4.15,True
0.08,-2.39,4.97,0.19,True
0.08,-1.81,4.11,-0.86,True
4.69,-1.63,3.07,-3.08,True
4.69,-1.63,3.07,-3.08,True
4.69,-1.63,3.07,-3.08,True
4.69,-1.63,3.07,-3.08,True
4.69,-1.63,3.07,-3.08,True
0.08,-1.81,4.11,-0.86,True
8.21,0.41,5.26,-4.24,True
2.93,-1.83,3.99,-1.62,True
1.18,-2.73,13.58,3.41,True
1.18,-2.73,13.58,3.41,True
1.18,-2.73,13.58,3.41,True
1.18,-2.73,13.58,3.41,True
9.85,-1.6,9.5,0.08,True
5.82,-4.27,6.44,-2.04,True
1.04,-5.34,7.21,3.86,True
1.04,-5.34,7.21,3.86,True
1.04,-5.34,7.21,3.86,True
1.04,-5.34,7.21,3.86,True
1.04,-5.34,7.21,3.86,True
1.04,-5.34,7.21,3.86,True
1.01,-5.06,6.24,2.39,True
1.01,-5.06,6.24,2.39,True
1.01,-5.06,6.24,2.39,True
0.08,-1.81,4.11,-0.86,True
9.87,-2.96,17.63,3.24,True
9.87,-2.96,17.63,3.24,True
0.09,-2.13,10.45,-1.24,True
9.87,-2.96,17.63,3.24,True
0.09,-2.13,10.45,-1.24,True
9.87,-2.96,17.63,3.24,True
9.87,-2.96,17.63,3.24,True
9.87,-2.96,17.63,3.24,True
9.87,-2.96,17.63,3.24,True
9.87,-2.96,17.63,3.24,True
9.87,-2.96,17.63,3.24,True
9.87,-2.96,17.63,3.24,True
0.09,-2.13,10.45,-1.24,True
9.87,-2.96,17.63,3.24,True
9.87,-2.96,17.63,3.24,True
0.09,-2.13,10.45,-1.24,True
9.87,-2.96,17.63,3.24,True
9.87,-2.96,17.63,3.24,True
9.87,-2.96,17.63,3.24,True
9.87,-2.96,17.63,3.24,True
9.87,-2.96,17.63,3.24,True
9.87,-2.96,17.63,3.24,True
9.87,-2.96,17.63,3.24,True
9.87,-2.96,17.63,3.24,True
9.87,-2.96,17.63,3.24,True
9.87,-2.96,17.63,3.24,True
9.87,-2.96,17.63,3.24,True
9.87,-2.96,17.63,3.24,True
9.87,-2.96,17.63,3.24,True
9.87,-2.96,17.63,3.24,True
9.87,-2.96,17.63,3.24,True
9.87,-2.96,17.63,3.24,True
9.87,-2.96,17.63,3.24,True
9.87,-2.96,17.63,3.24,True
9.87,-2.96,17.63,3.24,True
9.87,-2.96,17.63,3.24,True
0.08,-1.81,4.11,-0.86,True
0.08,-1.81,4.11,-0.86,True
0.08,-1.81,4.11,-0.86,True
4.79,-1.89,4.39,-0.62,True
4.79,-1.89,4.39,-0.62,True
4.95,-1.87,4.37,-0.62,True
0.08,-1.81,4.11,-0.86,True
0.08,-1.81,4.11,-0.86,True
0.08,-1.81,4.11,-0.86,True
0.08,-1.81,4.11,-0.86,True
0.08,-1.81,4.11,-0.86,True
0.08,-1.81,4.11,-0.86,True
0.08,-1.81,4.11,-0.86,True
0.08,-1.81,4.11,-0.86,True
0.08,-1.81,4.11,-0.86,True
0.08,-1.81,4.11,-0.86,True
0.08,-1.81,4.11,-0.86,True
0.08,-1.81,4.11,-0.86,True
0.08,-1.81,4.11,-0.86,True
0.08,-1.81,4.11,-0.86,True
0.08,-1.81,4.11,-0.86,True
0.08,-1.81,4.11,-0.86,True
0.08,-1.81,4.11,-0.86,True
0.08,-1.81,4.11,-0.86,True
4.46,-0.26,1.02,2.34,True
10.05,-0.29,6.62,3.78,True
10.05,-0.29,6.62,3.78,True
0.28,-2.12,10.46,-1.24,True
10.86,-2.7,16.83,6.19,True
10.66,-2.97,17.64,3.24,True
12.17,-2.7,16.84,6.19,True
11.61,-2.7,16.83,6.19,True
11.98,-2.7,16.84,6.19,True
1.38,-4.3,13.36,1.09,True
0.09,-2.13,10.45,-1.24,True
0.09,-2.13,10.45,-1.24,True
0.08,-1.81,4.11,-0.86,True
0.08,-1.81,4.11,-0.86,True
0.08,-1.81,4.11,-0.86,True
0.08,-1.81,4.11,-0.86,True
0.08,-1.81,4.11,-0.86,True
0.08,-1.81,4.11,-0.86,True
0.08,-1.81,4.11,-0.86,True
0.08,-1.81,4.11,-0.86,True
0.08,-1.81,4.11,-0.86,True
0.08,-1.81,4.11,-0.86,True
0.08,-1.81,4.11,-0.86,True
0.08,-1.81,4.11,-0.86,True
0.08,-1.81,4.11,-0.86,True
0.08,-1.81,4.11,-0.86,True
0.08,-1.81,4.11,-0.86,True
0.08,-1.81,4.11,-0.86,True
0.08,-1.81,4.11,-0.86,True
5.32,-2.76,14.76,2.04,True
5.32,-2.76,14.76,2.04,True
5.6,-2.76,14.68,2.16,True
5.92,-2.76,11.5,0.98,True
5.6,-2.76,14.68,2.16,True
5.6,-2.76,14.68,2.16,True
5.6,-2.76,14.68,2.16,True
5.6,-2.76,14.68,2.16,True
5.6,-2.76,14.68,2.16,True
5.6,-2.76,14.68,2.16,True
5.21,-2.76,14.58,2.16,True
5.02,-2.76,14.53,2.16,True
0.3,-3.0,11.36,-0.93,True
0.3,-3.0,11.36,-0.93,True
8.21,0.41,5.26,-4.24,True
8.21,0.41,5.26,-4.24,True
8.21,0.41,5.26,-4.24,True
8.21,0.41,5.26,-4.24,True
8.21,0.41,5.26,-4.24,True
8.21,0.41,5.26,-4.24,True
8.21,0.41,5.26,-4.24,True
7.7,-2.28,12.23,1.17,True
7.7,-2.28,12.23,1.17,True
7.7,-2.28,12.23,1.17,True
7.7,-2.28,12.23,1.17,True
7.7,-2.28,12.23,1.17,True
7.7,-2.28,12.23,1.17,True
7.7,-2.28,12.23,1.17,True
7.7,-2.28,12.23,1.17,True
5.63,-2.95,13.07,0.27,True
0.1,-0.1,2.04,4.59,True
0.1,-0.1,2.04,4.59,True
0.1,-0.1,2.04,4.59,True
10.07,-2.96,17.63,3.24,True
10.07,-2.96,17.63,3.24,True
10.07,-2.96,17.63,3.24,True
10.07,-2.96,17.63,3.24,True
0.08,-2.39,4.97,0.19,True
0.7,-3.01,11.48,-0.93,True
0.7,-3.01,11.48,-0.93,True
0.7,-3.01,11.48,-0.93,True
0.7,-3.01,11.48,-0.93,True
1.09,-2.89,11.65,0.31,True
0.09,-2.72,4.98,0.17,True
0.09,-2.72,4.98,0.17,True
0.09,-2.72,4.98,0.17,True
4.78,-2.32,4.02,-4.45,True
4.45,-2.32,4.2,-4.17,True
4.1,-2.31,4.12,-4.17,True
4.27,-2.32,4.16,-4.17,True
4.27,-2.32,4.16,-4.17,True
6.86,-3.93,8.79,-5.04,True
0.09,-4.07,8.51,-4.43,True
1.04,-5.34,7.21,3.86,True
1.04,-5.34,7.21,3.86,True
0.08,-1.81,4.11,-0.86,True
2.97,-2.44,14.13,2.21,True
2.97,-2.44,14.13,2.21,True
0.08,-1.81,4.11,-0.86,True
0.08,-1.81,4.11,-0.86,True
3.67,-2.19,9.3,-1.94,True
0.08,-1.81,4.11,-0.86,True
0.08,-1.81,4.11,-0.86,True
0.08,-1.81,4.11,-0.86,True
0.08,-1.81,4.11,-0.86,True
0.08,-1.81,4.11,-0.86,True
0.08,-1.81,4.11,-0.86,True
0.08,-1.81,4.11,-0.86,True
0.08,-1.81,4.11,-0.86,True
0.08,-1.81,4.11,-0.86,True
0.08,-1.81,4.11,-0.86,True
0.08,-1.81,4.11,-0.86,True
0.08,-1.81,4.11,-0.86,True
0.08,-1.81,4.11,-0.86,True
0.08,-1.81,4.11,-0.86,True
1.09,-2.89,11.65,0.31,True
1.09,-2.89,11.65,0.31,True
8.46,-0.07,5.05,-0.95,True
4.61,-2.32,3.95,-4.45,True
5.18,-3.96,9.28,-5.18,True
6.52,-3.94,8.97,-4.92,True
6.52,-3.94,8.97,-4.92,True
4.64,-2.25,8.53,-2.48,True
4.26,-1.94,4.42,-0.82,True
0.08,-1.81,4.11,-0.86,True
0.08,-1.81,4.11,-0.86,True
0.08,-1.81,4.11,-0.86,True
0.08,-1.81,4.11,-0.86,True
0.08,-1.81,4.11,-0.86,True
0.08,-1.81,4.11,-0.86,True
0.08,-1.81,4.11,-0.86,True
0.08,-1.81,4.11,-0.86,True
0.08,-1.81,4.11,-0.86,True
0.08,-1.81,4.11,-0.86,True
0.08,-1.81,4.11,-0.86,True
0.08,-1.81,4.11,-0.86,True
0.08,-1.81,4.11,-0.86,True
0.08,-1.81,4.11,-0.86,True
0.08,-1.81,4.11,-0.86,True
0.08,-1.81,4.11,-0.86,True
0.08,-1.81,4.11,-0.86,True
0.08,-1.81,4.11,-0.86,True
0.08,-1.81,4.11,-0.86,True
0.08,-1.81,4.11,-0.86,True
0.08,-1.81,4.11,-0.86,True
0.08,-1.81,4.11,-0.86,True
0.08,-1.81,4.11,-0.86,True
0.08,-1.81,4.11,-0.86,True
0.08,-1.81,4.11,-0.86,True
0.08,-1.81,4.11,-0.86,True
0.08,-1.81,4.11,-0.86,True
0.08,-1.81,4.11,-0.86,True
11.42,-2.7,16.83,6.19,True
2.24,-2.44,6.38,-3.21,True
4.31,-2.33,3.99,-4.58,True
6.29,-2.77,4.02,-9.48,True
6.29,-2.77,4.02,-9.48,True
6.29,-2.77,4.02,-9.48,True
6.29,-2.77,4.02,-9.48,True
6.29,-2.77,4.02,-9.48,True
6.29,-2.77,4.02,-9.48,True
1.04,-5.34,7.21,3.86,True
0.09,-2.82,10.52,0.21,True
7.56,0.0,1.79,2.14,True
0.1,-0.1,2.04,4.59,True
0.1,-0.1,2.04,4.59,True
6.7,-1.62,9.69,0.08,True
6.7,-1.62,9.69,0.08,True
6.7,-1.62,9.69,0.08,True
0.1,-0.1,2.04,4.59,True
0.1,-0.1,2.04,4.59,True
0.1,-0.1,2.04,4.59,True
11.61,-2.7,16.83,6.19,True
0.47,-2.11,10.48,-1.24,True
11.42,-2.7,16.83,6.19,True
0.09,-2.13,10.45,-1.24,True
5.33,-2.31,3.72,-2.48,True
5.33,-2.31,3.72,-2.48,True
5.33,-2.31,3.72,-2.48,True
5.33,-2.31,3.72,-2.48,True
5.33,-2.31,3.72,-2.48,True
5.33,-2.31,3.72,-2.48,True
5.33,-2.31,3.72,-2.48,True
0.08,-1.81,4.11,-0.86,True
0.08,-1.81,4.11,-0.86,True
0.08,-1.81,4.11,-0.86,True
0.08,-1.81,4.11,-0.86,True
0.09,-4.95,6.12,2.39,True
0.1,-0.1,2.04,4.59,True
11.17,0.16,5.04,-1.06,True
0.1,-1.59,2.29,-3.43,True
11.61,-0.52,7.12,3.24,True
6.52,-3.94,8.97,-4.92,True
2.14,-4.12,4.2,0.45,True
0.08,-2.39,4.97,0.19,True
0.08,-2.39,4.97,0.19,True
0.08,-2.39,4.97,0.19,True
0.08,-2.39,4.97,0.19,True
0.08,-2.39,4.97,0.19,True
0.08,-2.39,4.97,0.19,True
0.08,-2.39,4.97,0.19,True
0.08,-2.39,4.97,0.19,True
0.08,-2.39,4.97,0.19,True
0.08,-2.39,4.97,0.19,True
0.08,-2.39,4.97,0.19,True
0.08,-2.39,4.97,0.19,True
0.08,-2.39,4.97,0.19,True
1.61,-3.96,11.69,-1.14,True
1.61,-3.96,11.69,-1.14,True
1.61,-3.96,11.69,-1.14,True
1.61,-3.96,11.69,-1.14,True
1.61,-3.96,11.69,-1.14,True
1.61,-3.96,11.69,-1.14,True
1.79,-3.98,11.6,-1.44,True
1.61,-3.96,11.69,-1.14,True
1.97,-3.98,11.54,-1.44,True
1.97,-3.98,11.54,-1.44,True
1.61,-3.96,11.69,-1.14,True
1.61,-3.96,11.69,-1.14,True
1.61,-3.96,11.69,-1.14,True
1.61,-3.96,11.69,-1.14,True
1.61,-3.96,11.69,-1.14,True
1.61,-3.96,11.69,-1.14,True
1.61,-3.96,11.69,-1.14,True
1.61,-3.96,11.69,-1.14,True
1.61,-3.96,11.69,-1.14,True
1.61,-3.96,11.69,-1.14,True
1.97,-3.98,11.54,-1.44,True
1.97,-3.98,11.54,-1.44,True
1.97,-3.98,11.54,-1.44,True
1.97,-3.98,11.54,-1.44,True
1.97,-3.98,11.54,-1.44,True
1.97,-3.98,11.54,-1.44,True
1.97,-3.98,11.54,-1.44,True
1.97,-3.98,11.54,-1.44,True
1.97,-3.98,11.54,-1.44,True
1.97,-3.98,11.54,-1.44,True
1.97,-3.98,11.54,-1.44,True
1.61,-3.96,11.69,-1.14,True
2.15,-3.98,11.48,-1.44,True
2.15,-3.98,11.48,-1.44,True
2.15,-3.98,11.48,-1.44,True
1.61,-3.96,11.69,-1.14,True
1.61,-3.96,11.69,-1.14,True
1.61,-3.96,11.69,-1.14,True
1.61,-3.96,11.69,-1.14,True
3.18,-2.01,4.41,-1.37,True
3.18,-2.01,4.41,-1.37,True
3.18,-2.01,4.41,-1.37,True
3.18,-2.01,4.41,-1.37,True
3.18,-2.01,4.41,-1.37,True
3.84,-2.08,6.11,-6.37,True
6.52,-3.94,8.97,-4.92,True
6.52,-3.94,8.97,-4.92,True
6.52,-3.94,8.97,-4.92,True
6.52,-3.94,8.97,-4.92,True
3.84,-2.08,6.11,-6.37,True
3.84,-2.08,6.11,-6.37,True
3.84,-2.08,6.11,-6.37,True
3.84,-2.08,6.11,-6.37,True
3.84,-2.08,6.11,-6.37,True
3.84,-2.08,6.11,-6.37,True
6.52,-3.94,8.97,-4.92,True
3.84,-2.08,6.11,-6.37,True
3.84,-2.08,6.11,-6.37,True
6.52,-3.94,8.97,-4.92,True
3.84,-2.08,6.11,-6.37,True
6.52,-3.94,8.97,-4.92,True
6.52,-3.94,8.97,-4.92,True
9.23,-0.03,5.05,-0.95,True
6.52,-3.94,8.97,-4.92,True
9.23,-0.03,5.05,-0.95,True
3.84,-2.08,6.11,-6.37,True
6.52,-3.94,8.97,-4.92,True
6.52,-3.94,8.97,-4.92,True
6.52,-3.94,8.97,-4.92,True
6.52,-3.94,8.97,-4.92,True
9.23,-0.03,5.05,-0.95,True
9.23,-0.03,5.05,-0.95,True
9.23,-0.03,5.05,-0.95,True
9.23,-0.03,5.05,-0.95,True
9.23,-0.03,5.05,-0.95,True
3.84,-2.08,6.11,-6.37,True
6.52,-3.94,8.97,-4.92,True
3.84,-2.08,6.11,-6.37,True
3.84,-2.08,6.11,-6.37,True
3.84,-2.08,6.11,-6.37,True
6.52,-3.94,8.97,-4.92,True
6.52,-3.94,8.97,-4.92,True
6.52,-3.94,8.97,-4.92,True
3.84,-2.08,6.11,-6.37,True
3.84,-2.08,6.11,-6.37,True
3.84,-2.08,6.11,-6.37,True
3.84,-2.08,6.11,-6.37,True
3.84,-2.08,6.11,-6.37,True
3.84,-2.08,6.11,-6.37,True
6.4,-3.95,9.01,-4.92,True
3.84,-2.08,6.11,-6.37,True
6.4,-3.95,9.01,-4.92,True
3.84,-2.08,6.11,-6.37,True
3.84,-2.08,6.11,-6.37,True
3.84,-2.08,6.11,-6.37,True
6.52,-3.94,8.97,-4.92,True
3.84,-2.08,6.11,-6.37,True
3.84,-2.08,6.11,-6.37,True
3.84,-2.08,6.11,-6.37,True
6.52,-3.94,8.97,-4.92,True
4.26,-1.94,4.42,-0.82,True
9.23,-0.03,5.05,-0.95,True
6.52,-3.94,8.97,-4.92,True
6.4,-3.95,9.01,-4.92,True
6.4,-3.95,9.01,-4.92,True
6.52,-3.94,8.97,-4.92,True
6.52,-3.94,8.97,-4.92,True
9.23,-0.03,5.05,-0.95,True
9.23,-0.03,5.05,-0.95,True
6.52,-3.94,8.97,-4.92,True
6.52,-3.94,8.97,-4.92,True
5.33,-2.31,3.72,-2.48,True
4.27,-2.32,4.16,-4.17,True
5.49,-2.38,14.79,2.17,True
5.49,-2.38,14.79,2.17,True
6.82,-2.96,13.43,0.27,True
0.08,-2.39,4.97,0.19,True
0.08,-1.81,4.11,-0.86,True
0.08,-1.81,4.11,-0.86,True
0.08,-1.81,4.11,-0.86,True
0.08,-1.81,4.11,-0.86,True
0.08,-1.81,4.11,-0.86,True
0.08,-1.81,4.11,-0.86,True
0.08,-1.81,4.11,-0.86,True
0.08,-1.81,4.11,-0.86,True
0.08,-1.81,4.11,-0.86,True
0.08,-1.81,4.11,-0.86,True
0.08,-1.81,4.11,-0.86,True
0.08,-1.81,4.11,-0.86,True
0.08,-1.81,4.11,-0.86,True
0.08,-1.81,4.11,-0.86,True
0.08,-1.81,4.11,-0.86,True
1.23,-2.08,10.53,-1.24,True
6.5,-1.62,9.7,0.08,True
0.0,-1.9,9.0,1.85,True
0.0,-1.9,9.0,1.85,True
0.0,-1.9,9.0,1.85,True
0.0,-1.9,9.0,1.85,True
0.0,-1.9,9.0,1.85,True
0.0,-1.9,9.0,1.85,True
0.0,-1.9,9.0,1.85,True
0.08,-2.39,4.97,0.19,True
4.63,-1.91,4.41,-0.62,True
4.95,-1.87,4.37,-0.62,True
4.63,-1.91,4.41,-0.62,True
6.12,-1.79,3.87,-2.2,True
7.33,-3.91,8.52,-5.21,True
7.33,-3.91,8.52,-5.21,True
7.33,-3.91,8.52,-5.21,True
6.11,-2.76,14.97,2.04,True
4.34,-0.25,5.73,3.78,True
3.37,-0.33,5.69,3.59,True
9.65,-0.29,6.56,3.78,True
0.08,-1.81,4.11,-0.86,True
5.47,-1.81,4.3,-0.64,True
5.47,-1.81,4.3,-0.64,True
5.47,-1.81,4.3,-0.64,True
5.47,-1.81,4.3,-0.64,True
5.47,-1.81,4.3,-0.64,True
10.99,0.17,5.04,-1.06,True
10.99,0.17,5.04,-1.06,True
11.17,0.16,5.04,-1.06,True
0.1,-0.1,2.04,4.59,True
0.1,-0.1,2.04,4.59,True
0.1,-0.1,2.04,4.59,True
5.33,-2.31,3.72,-2.48,True
5.33,-2.31,3.72,-2.48,True
5.33,-2.31,3.72,-2.48,True
4.44,-2.93,12.7,0.31,True
4.26,-1.94,4.42,-0.82,True
8.21,0.41,5.26,-4.24,True
6.62,-2.96,13.37,0.27,True
6.62,-2.96,13.37,0.27,True
6.62,-2.96,13.37,0.27,True
6.62,-2.96,13.37,0.27,True
6.62,-2.96,13.37,0.27,True
6.62,-2.96,13.37,0.27,True
6.62,-2.96,13.37,0.27,True
6.62,-2.96,13.37,0.27,True
6.22,-2.96,13.25,0.27,True
5.33,-2.31,3.72,-2.48,True
3.57,-2.42,4.55,-0.76,True
4.69,-1.63,3.07,-3.08,True
4.69,-1.63,3.07,-3.08,True
3.57,-2.3,3.99,-4.17,True
0.08,-2.39,4.97,0.19,True
0.08,-1.81,4.11,-0.86,True
8.21,0.41,5.26,-4.24,True
8.21,0.41,5.26,-4.24,True
0.08,-1.81,4.11,-0.86,True
0.08,-1.81,4.11,-0.86,True
0.08,-1.81,4.11,-0.86,True
8.35,0.0,2.22,1.68,True
8.35,0.0,2.22,1.68,True
8.35,0.0,2.22,1.68,True
8.35,0.0,2.22,1.68,True
8.35,0.0,2.22,1.68,True
8.35,0.0,2.22,1.68,True
8.35,0.0,2.22,1.68,True
8.35,0.0,2.22,1.68,True
8.35,0.0,2.22,1.68,True
8.35,0.0,2.22,1.68,True
8.35,0.0,2.22,1.68,True
8.35,0.0,2.22,1.68,True
8.35,0.0,2.22,1.68,True
8.35,0.0,2.22,1.68,True
8.35,0.0,2.22,1.68,True
8.35,0.0,2.22,1.68,True
8.35,0.0,2.22,1.68,True
8.35,0.0,2.22,1.68,True
8.35,0.0,2.22,1.68,True
8.35,0.0,2.22,1.68,True
8.35,0.0,2.22,1.68,True
8.35,0.0,2.22,1.68,True
8.35,0.0,2.22,1.68,True
8.35,0.0,2.22,1.68,True
8.35,0.0,2.22,1.68,True
8.35,0.0,2.22,1.68,True
8.35,0.0,2.22,1.68,True
8.35,0.0,2.22,1.68,True
8.35,0.0,2.22,1.68,True
8.35,0.0,2.22,1.68,True
8.35,0.0,2.22,1.68,True
8.35,0.0,2.22,1.68,True
8.35,0.0,2.22,1.68,True
8.35,0.0,2.22,1.68,True
8.35,0.0,2.22,1.68,True
8.35,0.0,2.22,1.68,True
8.35,0.0,2.22,1.68,True
8.35,0.0,2.22,1.68,True
8.35,0.0,2.22,1.68,True
8.35,0.0,2.22,1.68,True
8.35,0.0,2.22,1.68,True
8.35,0.0,2.22,1.68,True
8.35,0.0,2.22,1.68,True
8.35,0.0,2.22,1.68,True
8.35,0.0,2.22,1.68,True
8.35,0.0,2.22,1.68,True
8.35,0.0,2.22,1.68,True
8.35,0.0,2.22,1.68,True
8.35,0.0,2.22,1.68,True
8.35,0.0,2.22,1.68,True
8.35,0.0,2.22,1.68,True
8.35,0.0,2.22,1.68,True
8.35,0.0,2.22,1.68,True
8.35,0.0,2.22,1.68,True
8.35,0.0,2.22,1.68,True
8.35,0.0,2.22,1.68,True
8.35,0.0,2.22,1.68,True
8.35,0.0,2.22,1.68,True
8.35,0.0,2.22,1.68,True
8.35,0.0,2.22,1.68,True
8.35,0.0,2.22,1.68,True
8.35,0.0,2.22,1.68,True
8.35,0.0,2.22,1.68,True
8.35,0.0,2.22,1.68,True
0.1,-0.1,2.04,4.59,True
0.1,-0.1,2.04,4.59,True
0.1,-0.1,2.04,4.59,True
0.1,-0.1,2.04,4.59,True
0.1,-0.1,2.04,4.59,True
0.1,-0.1,2.04,4.59,True
0.1,-0.1,2.04,4.59,True
0.1,-0.1,2.04,4.59,True
0.1,-0.1,2.04,4.59,True
0.1,-0.1,2.04,4.59,True
0.1,-0.1,2.04,4.59,True
0.08,-2.39,4.97,0.19,True
4.74,0.85,1.82,0.95,True
4.23,-2.09,6.15,-6.37,True
4.63,-1.91,4.41,-0.62,True
6.4,-3.95,9.01,-4.92,True
6.4,-3.95,9.01,-4.92,True
6.4,-3.95,9.01,-4.92,True
6.4,-3.95,9.01,-4.92,True
6.4,-3.95,9.01,-4.92,True
6.4,-3.95,9.01,-4.92,True
6.4,-3.95,9.01,-4.92,True
6.4,-3.95,9.01,-4.92,True
6.4,-3.95,9.01,-4.92,True
6.4,-3.95,9.01,-4.92,True
6.4,-3.95,9.01,-4.92,True
6.4,-3.95,9.01,-4.92,True
6.4,-3.95,9.01,-4.92,True
6.4,-3.95,9.01,-4.92,True
6.4,-3.95,9.01,-4.92,True
6.4,-3.95,9.01,-4.92,True
6.4,-3.95,9.01,-4.92,True
6.4,-3.95,9.01,-4.92,True
6.4,-3.95,9.01,-4.92,True
11.17,0.16,5.04,-1.06,True
10.47,0.17,5.05,-1.01,True
10.47,0.17,5.05,-1.01,True
10.63,0.16,5.05,-1.01,True
10.99,0.17,5.04,-1.06,True
10.99,0.17,5.04,-1.06,True
10.99,0.17,5.04,-1.06,True
10.99,0.17,5.04,-1.06,True
10.47,0.17,5.05,-1.01,True
10.99,0.17,5.04,-1.06,True
10.99,0.17,5.04,-1.06,True
11.17,0.16,5.04,-1.06,True
11.17,0.16,5.04,-1.06,True
10.63,0.16,5.05,-1.01,True
10.63,0.16,5.05,-1.01,True
10.99,0.17,5.04,-1.06,True
10.99,0.17,5.04,-1.06,True
11.17,0.16,5.04,-1.06,True
10.99,0.17,5.04,-1.06,True
10.99,0.17,5.04,-1.06,True
10.99,0.17,5.04,-1.06,True
10.99,0.17,5.04,-1.06,True
10.63,0.16,5.05,-1.01,True
11.17,0.16,5.04,-1.06,True
11.17,0.16,5.04,-1.06,True
11.17,0.16,5.04,-1.06,True
10.63,0.16,5.05,-1.01,True
10.47,0.17,5.05,-1.01,True
10.63,0.16,5.05,-1.01,True
10.63,0.16,5.05,-1.01,True
10.63,0.16,5.05,-1.01,True
10.63,0.16,5.05,-1.01,True
10.63,0.16,5.05,-1.01,True
10.99,0.17,5.04,-1.06,True
10.99,0.17,5.04,-1.06,True
10.99,0.17,5.04,-1.06,True
11.17,0.16,5.04,-1.06,True
11.17,0.16,5.04,-1.06,True
10.47,0.17,5.05,-1.01,True
10.63,0.16,5.05,-1.01,True
10.47,0.17,5.05,-1.01,True
10.47,0.17,5.05,-1.01,True
10.63,0.16,5.05,-1.01,True
10.47,0.17,5.05,-1.01,True
10.47,0.17,5.05,-1.01,True
10.63,0.16,5.05,-1.01,True
10.63,0.16,5.05,-1.01,True
10.63,0.16,5.05,-1.01,True
10.63,0.16,5.05,-1.01,True
10.63,0.16,5.05,-1.01,True
10.47,0.17,5.05,-1.01,True
10.47,0.17,5.05,-1.01,True
11.17,0.16,5.04,-1.06,True
10.47,0.17,5.05,-1.01,True
10.47,0.17,5.05,-1.01,True
10.63,0.16,5.05,-1.01,True
10.47,0.17,5.05,-1.01,True
10.63,0.16,5.05,-1.01,True
10.47,0.17,5.05,-1.01,True
10.63,0.16,5.05,-1.01,True
10.47,0.17,5.05,-1.01,True
10.63,0.16,5.05,-1.01,True
10.63,0.16,5.05,-1.01,True
10.63,0.16,5.05,-1.01,True
10.47,0.17,5.05,-1.01,True
10.63,0.16,5.05,-1.01,True
6.75,-3.93,9.08,-3.12,True
6.75,-3.93,9.08,-3.12,True
6.75,-3.93,9.08,-3.12,True
6.75,-3.93,9.08,-3.12,True
0.5,-3.0,11.42,-0.93,True
0.5,-3.0,11.42,-0.93,True
0.5,-3.0,11.42,-0.93,True
0.7,-3.01,11.48,-0.93,True
9.65,-0.29,6.56,3.78,True
9.65,-0.29,6.56,3.78,True
9.65,-0.29,6.56,3.78,True
9.65,-0.29,6.56,3.78,True
0.7,-3.01,11.48,-0.93,True
0.7,-3.01,11.48,-0.93,True
0.7,-3.01,11.48,-0.93,True
0.7,-3.01,11.48,-0.93,True
0.7,-3.01,11.48,-0.93,True
0.7,-3.01,11.48,-0.93,True
0.7,-3.01,11.48,-0.93,True
8.58,0.26,5.45,-3.99,True
8.58,0.26,5.45,-3.99,True
0.7,-3.01,11.48,-0.93,True
1.29,-2.89,11.71,0.31,True
1.29,-2.89,11.71,0.31,True
1.29,-2.89,11.71,0.31,True
1.29,-2.89,11.71,0.31,True
8.58,0.26,5.45,-3.99,True
8.58,0.26,5.45,-3.99,True
0.09,-2.5,5.13,0.34,True
0.27,-3.74,12.13,1.13,True
1.29,-2.89,11.71,0.31,True
1.29,-2.89,11.71,0.31,True
1.68,-2.9,11.83,0.31,True
1.29,-2.89,11.71,0.31,True
1.29,-2.89,11.71,0.31,True
8.58,0.26,5.45,-3.99,True
8.58,0.26,5.45,-3.99,True
8.58,0.26,5.45,-3.99,True
8.58,0.26,5.45,-3.99,True
0.3,-3.0,11.36,-0.93,True
0.3,-3.0,11.36,-0.93,True
0.3,-3.0,11.36,-0.93,True
0.3,-3.0,11.36,-0.93,True
0.3,-3.0,11.36,-0.93,True
0.3,-3.0,11.36,-0.93,True
0.3,-3.0,11.36,-0.93,True
0.3,-3.0,11.36,-0.93,True
0.3,-3.0,11.36,-0.93,True
0.3,-3.0,11.36,-0.93,True
0.3,-3.0,11.36,-0.93,True
0.3,-3.0,11.36,-0.93,True
0.3,-3.0,11.36,-0.93,True
0.3,-3.0,11.36,-0.93,True
10.05,-0.29,6.62,3.78,True
0.7,-3.01,11.48,-0.93,True
8.21,0.41,5.26,-4.24,True
1.09,-2.89,11.65,0.31,True
8.58,0.26,5.45,-3.99,True
8.58,0.26,5.45,-3.99,True
0.08,-1.81,4.11,-0.86,True
0.08,-1.81,4.11,-0.86,True
0.08,-1.81,4.11,-0.86,True
0.08,-1.81,4.11,-0.86,True
0.3,-3.0,11.36,-0.93,True
0.3,-3.0,11.36,-0.93,True
0.3,-3.0,11.36,-0.93,True
2.51,-3.97,11.36,-1.44,True
5.24,-1.68,3.27,-2.89,True
8.9,-2.98,17.66,2.96,True
9.08,-2.96,17.62,3.24,True
7.48,-3.96,9.19,-3.79,True
9.08,-2.96,17.62,3.24,True
9.08,-2.96,17.62,3.24,True
7.48,-3.96,9.19,-3.79,True
8.9,-2.98,17.66,2.96,True
9.08,-2.96,17.62,3.24,True
8.58,0.26,5.45,-3.99,True
0.09,-2.13,10.45,-1.24,True
7.48,-3.96,9.19,-3.79,True
8.09,-0.41,5.12,-0.35,True
8.09,-0.41,5.12,-0.35,True
8.09,-0.41,5.12,-0.35,True
7.53,-0.44,5.12,-0.35,True
7.99,-2.8,11.45,-3.68,True
0.08,-1.81,4.11,-0.86,True
0.09,-3.74,12.19,1.13,True
7.99,-2.8,11.45,-3.68,True
7.34,-0.45,5.12,-0.35,True
6.97,-0.46,5.11,-0.35,True
6.97,-0.46,5.11,-0.35,True
0.08,-1.81,4.11,-0.86,True
0.08,-1.81,4.11,-0.86,True
8.09,-0.41,5.12,-0.35,True
7.53,-0.44,5.12,-0.35,True
8.09,-0.41,5.12,-0.35,True
7.34,-0.45,5.12,-0.35,True
6.97,-0.46,5.11,-0.35,True
7.71,-0.43,5.12,-0.35,True
7.53,-0.44,5.12,-0.35,True
7.53,-0.44,5.12,-0.35,True
8.09,-0.41,5.12,-0.35,True
8.09,-0.41,5.12,-0.35,True
7.71,-0.43,5.12,-0.35,True
6.97,-0.46,5.11,-0.35,True
7.53,-0.44,5.12,-0.35,True
8.09,-0.41,5.12,-0.35,True
7.53,-0.44,5.12,-0.35,True
7.53,-0.44,5.12,-0.35,True
0.08,-1.81,4.11,-0.86,True
0.08,-1.81,4.11,-0.86,True
0.08,-1.81,4.11,-0.86,True
0.08,-1.81,4.11,-0.86,True
0.08,-1.81,4.11,-0.86,True
0.08,-1.81,4.11,-0.86,True
0.08,-1.81,4.11,-0.86,True
0.08,-1.81,4.11,-0.86,True
0.08,-1.81,4.11,-0.86,True
0.08,-1.81,4.11,-0.86,True
0.08,-1.81,4.11,-0.86,True
0.08,-1.81,4.11,-0.86,True
0.08,-1.81,4.11,-0.86,True
0.08,-1.81,4.11,-0.86,True
0.08,-1.81,4.11,-0.86,True
0.08,-1.81,4.11,-0.86,True
0.08,-1.81,4.11,-0.86,True
0.08,-1.81,4.11,-0.86,True
0.08,-1.81,4.11,-0.86,True
0.08,-1.81,4.11,-0.86,True
0.08,-1.81,4.11,-0.86,True
0.08,-1.81,4.11,-0.86,True
0.08,-1.81,4.11,-0.86,True
0.08,-1.81,4.11,-0.86,True
0.08,-1.81,4.11,-0.86,True
0.08,-1.81,4.11,-0.86,True
0.08,-1.81,4.11,-0.86,True
0.08,-1.81,4.11,-0.86,True
0.08,-1.81,4.11,-0.86,True
0.08,-1.81,4.11,-0.86,True
0.08,-1.81,4.11,-0.86,True
0.08,-1.81,4.11,-0.86,True
0.08,-1.81,4.11,-0.86,True
0.08,-1.81,4.11,-0.86,True
0.08,-1.81,4.11,-0.86,True
0.08,-1.81,4.11,-0.86,True
0.08,-1.81,4.11,-0.86,True
0.08,-1.81,4.11,-0.86,True
0.08,-1.81,4.11,-0.86,True
0.08,-1.81,4.11,-0.86,True
0.08,-1.81,4.11,-0.86,True
0.08,-1.81,4.11,-0.86,True
7.48,-3.96,9.19,-3.79,True
7.33,-3.91,8.52,-5.21,True
7.48,-3.96,9.19,-3.79,True
7.48,-3.96,9.19,-3.79,True
7.48,-3.96,9.19,-3.79,True
7.48,-3.96,9.19,-3.79,True
7.59,-3.95,9.13,-3.79,True
7.33,-3.91,8.52,-5.21,True
7.33,-3.91,8.52,-5.21,True
7.33,-3.91,8.52,-5.21,True
7.48,-3.96,9.19,-3.79,True
7.48,-3.96,9.19,-3.79,True
7.48,-3.96,9.19,-3.79,True
7.59,-3.95,9.13,-3.79,True
7.59,-3.95,9.13,-3.79,True
7.59,-3.95,9.13,-3.79,True
7.59,-3.95,9.13,-3.79,True
0.08,-1.81,4.11,-0.86,True
0.08,-1.81,4.11,-0.86,True
0.08,-1.81,4.11,-0.86,True
0.08,-1.81,4.11,-0.86,True
0.08,-1.81,4.11,-0.86,True
0.08,-1.81,4.11,-0.86,True
0.08,-1.81,4.11,-0.86,True
0.08,-1.81,4.11,-0.86,True
0.08,-1.81,4.11,-0.86,True
0.08,-1.81,4.11,-0.86,True
0.08,-1.81,4.11,-0.86,True
0.08,-1.81,4.11,-0.86,True
1.49,-2.89,11.77,0.31,True
1.29,-2.89,11.71,0.31,True
1.29,-2.89,11.71,0.31,True
1.29,-2.89,11.71,0.31,True
1.29,-2.89,11.71,0.31,True
1.29,-2.89,11.71,0.31,True
9.65,-0.29,6.56,3.78,True
9.65,-0.29,6.56,3.78,True
9.65,-0.29,6.56,3.78,True
9.65,-0.29,6.56,3.78,True
9.65,-0.29,6.56,3.78,True
9.65,-0.29,6.56,3.78,True
10.05,-0.29,6.62,3.78,True
0.5,-3.0,11.42,-0.93,True
10.05,-0.29,6.62,3.78,True
10.05,-0.29,6.62,3.78,True
10.05,-0.29,6.62,3.78,True
0.5,-3.0,11.42,-0.93,True
10.05,-0.29,6.62,3.78,True
9.65,-0.29,6.56,3.78,True
0.3,-3.0,11.36,-0.93,True
0.3,-3.0,11.36,-0.93,True
0.3,-3.0,11.36,-0.93,True
0.3,-3.0,11.36,-0.93,True
0.3,-3.0,11.36,-0.93,True
0.3,-3.0,11.36,-0.93,True
0.3,-3.0,11.36,-0.93,True
0.3,-3.0,11.36,-0.93,True
0.3,-3.0,11.36,-0.93,True
0.3,-3.0,11.36,-0.93,True
9.65,-0.29,6.56,3.78,True
9.65,-0.29,6.56,3.78,True
1.09,-2.89,11.65,0.31,True
1.09,-2.89,11.65,0.31,True
1.09,-2.89,11.65,0.31,True
1.29,-2.89,11.71,0.31,True
1.29,-2.89,11.71,0.31,True
1.49,-2.89,11.77,0.31,True
4.84,-2.94,12.82,0.27,True
6.22,-2.96,13.25,0.27,True
4.64,-2.93,12.76,0.31,True
1.09,-2.89,11.65,0.31,True
1.09,-2.89,11.65,0.31,True
1.09,-2.89,11.65,0.31,True
1.09,-2.89,11.65,0.31,True
1.29,-2.89,11.71,0.31,True
1.29,-2.89,11.71,0.31,True
10.05,-0.29,6.62,3.78,True
10.05,-0.29,6.62,3.78,True
10.05,-0.29,6.62,3.78,True
10.05,-0.29,6.62,3.78,True
10.05,-0.29,6.62,3.78,True
10.05,-0.29,6.62,3.78,True
10.05,-0.29,6.62,3.78,True
10.05,-0.29,6.62,3.78,True
10.05,-0.29,6.62,3.78,True
10.05,-0.29,6.62,3.78,True
5.28,-4.21,6.44,-2.08,True
10.05,-0.29,6.62,3.78,True
0.1,-3.0,11.29,-0.93,True
10.05,-0.29,6.62,3.78,True
0.3,-3.0,11.36,-0.93,True
0.3,-3.0,11.36,-0.93,True
10.05,-0.29,6.62,3.78,True
10.05,-0.29,6.62,3.78,True
10.05,-0.29,6.62,3.78,True
10.05,-0.29,6.62,3.78,True
10.05,-0.29,6.62,3.78,True
10.05,-0.29,6.62,3.78,True
10.05,-0.29,6.62,3.78,True
10.05,-0.29,6.62,3.78,True
10.05,-0.29,6.62,3.78,True
10.05,-0.29,6.62,3.78,True
10.05,-0.29,6.62,3.78,True
10.05,-0.29,6.62,3.78,True
10.05,-0.29,6.62,3.78,True
10.05,-0.29,6.62,3.78,True
10.05,-0.29,6.62,3.78,True
10.05,-0.29,6.62,3.78,True
0.3,-3.0,11.36,-0.93,True
0.3,-3.0,11.36,-0.93,True
0.3,-3.0,11.36,-0.93,True
0.3,-3.0,11.36,-0.93,True
0.3,-3.0,11.36,-0.93,True
0.3,-3.0,11.36,-0.93,True
0.3,-3.0,11.36,-0.93,True
4.44,-2.93,12.7,0.31,True
4.44,-2.93,12.7,0.31,True
1.09,-2.89,11.65,0.31,True
1.09,-2.89,11.65,0.31,True
1.09,-2.89,11.65,0.31,True
1.09,-2.89,11.65,0.31,True
1.09,-2.89,11.65,0.31,True
1.09,-2.89,11.65,0.31,True
9.26,-0.29,6.5,3.78,True
1.68,-2.9,11.83,0.31,True
1.68,-2.9,11.83,0.31,True
1.68,-2.9,11.83,0.31,True
1.68,-2.9,11.83,0.31,True
1.68,-2.9,11.83,0.31,True
1.68,-2.9,11.83,0.31,True
1.68,-2.9,11.83,0.31,True
1.68,-2.9,11.83,0.31,True
5.28,-4.21,6.44,-2.08,True
1.29,-2.89,11.71,0.31,True
1.49,-2.89,11.77,0.31,True
1.29,-2.89,11.71,0.31,True
1.29,-2.89,11.71,0.31,True
1.29,-2.89,11.71,0.31,True
1.49,-2.89,11.77,0.31,True
4.44,-2.93,12.7,0.31,True
6.12,-1.55,10.92,0.46,True
6.76,-2.31,12.14,0.98,True
6.76,-2.31,12.14,0.98,True
6.76,-2.31,12.14,0.98,True
5.49,-2.38,14.79,2.17,True
5.49,-2.38,14.79,2.17,True
0.08,-1.81,4.11,-0.86,True
0.08,-1.81,4.11,-0.86,True
0.08,-1.81,4.11,-0.86,True
0.08,-1.81,4.11,-0.86,True
0.08,-1.81,4.11,-0.86,True
0.08,-1.81,4.11,-0.86,True
0.08,-1.81,4.11,-0.86,True
0.08,-1.81,4.11,-0.86,True
0.08,-1.81,4.11,-0.86,True
0.08,-1.81,4.11,-0.86,True
0.7,-3.01,11.48,-0.93,True
0.7,-3.01,11.48,-0.93,True
0.7,-3.01,11.48,-0.93,True
1.49,-2.89,11.77,0.31,True
1.09,-2.89,11.65,0.31,True
1.09,-2.89,11.65,0.31,True
1.09,-2.89,11.65,0.31,True
1.09,-2.89,11.65,0.31,True
0.7,-3.01,11.48,-0.93,True
0.7,-3.01,11.48,-0.93,True
0.7,-3.01,11.48,-0.93,True
0.7,-3.01,11.48,-0.93,True
1.09,-2.89,11.65,0.31,True
1.09,-2.89,11.65,0.31,True
1.09,-2.89,11.65,0.31,True
1.09,-2.89,11.65,0.31,True
1.49,-2.89,11.77,0.31,True
1.49,-2.89,11.77,0.31,True
5.49,-2.38,14.79,2.17,True
4.63,-3.92,9.13,-5.76,True
4.63,-3.92,9.13,-5.76,True
4.63,-3.92,9.13,-5.76,True
4.63,-3.92,9.13,-5.76,True
4.63,-3.92,9.13,-5.76,True
4.63,-3.92,9.13,-5.76,True
4.63,-3.92,9.13,-5.76,True
1.33,-2.37,4.54,-4.66,True
1.33,-2.37,4.54,-4.66,True
1.33,-2.37,4.54,-4.66,True
5.28,-4.21,6.44,-2.08,True
9.17,0.23,5.45,-3.99,True
0.09,-2.13,10.45,-1.24,True
0.09,-2.13,10.45,-1.24,True
0.09,-2.13,10.45,-1.24,True
0.08,-1.81,4.11,-0.86,True
0.08,-1.81,4.11,-0.86,True
0.09,-2.13,10.45,-1.24,True
0.09,-2.13,10.45,-1.24,True
0.08,-1.81,4.11,-0.86,True
0.09,-2.13,10.45,-1.24,True
5.66,-2.66,0.37,-3.14,True
5.66,-2.66,0.37,-3.14,True
1.17,0.0,3.29,0.98,True
6.32,-0.16,0.85,4.84,True
3.84,-2.57,0.46,-3.14,True
8.21,0.41,5.26,-4.24,True
8.58,0.26,5.45,-3.99,True
8.58,0.26,5.45,-3.99,True
8.58,0.26,5.45,-3.99,True
8.58,0.26,5.45,-3.99,True
8.58,0.26,5.45,-3.99,True
8.58,0.26,5.45,-3.99,True
8.58,0.26,5.45,-3.99,True
8.58,0.26,5.45,-3.99,True
8.58,0.26,5.45,-3.99,True
8.58,0.26,5.45,-3.99,True
8.58,0.26,5.45,-3.99,True
10.24,-0.74,8.25,6.23,True
10.24,-0.74,8.25,6.23,True
8.58,0.26,5.45,-3.99,True
8.58,0.26,5.45,-3.99,True
1.06,-1.98,8.94,0.38,True
8.58,0.26,5.45,-3.99,True
8.58,0.26,5.45,-3.99,True
8.58,0.26,5.45,-3.99,True
8.58,0.26,5.45,-3.99,True
8.21,0.41,5.26,-4.24,True
8.21,0.41,5.26,-4.24,True
8.21,0.41,5.26,-4.24,True
8.58,0.26,5.45,-3.99,True
8.58,0.26,5.45,-3.99,True
10.24,-0.74,8.25,6.23,True
11.98,-2.7,16.84,6.19,True
2.82,-2.32,3.86,-4.98,True
0.1,-0.1,2.04,4.59,True
0.1,-0.1,2.04,4.59,True
0.1,-0.1,2.04,4.59,True
6.4,-3.95,9.01,-4.92,True
5.32,-3.88,10.52,-1.16,True
5.32,-3.88,10.52,-1.16,True
5.32,-3.88,10.52,-1.16,True
6.4,-3.95,9.01,-4.92,True
6.4,-3.95,9.01,-4.92,True
5.32,-3.88,10.52,-1.16,True
5.32,-3.88,10.52,-1.16,True
5.32,-3.88,10.52,-1.16,True
1.04,-5.34,7.21,3.86,True
6.62,-2.96,13.37,0.27,True
6.22,-2.96,13.25,0.27,True
9.08,-2.96,17.62,3.24,True
8.74,-2.97,17.66,2.96,True
8.88,-2.25,12.36,1.17,True
8.88,-2.25,12.36,1.17,True
0.08,-1.81,4.11,-0.86,True
0.08,-1.81,4.11,-0.86,True
0.47,-2.11,10.48,-1.24,True
0.47,-2.11,10.48,-1.24,True
0.47,-2.11,10.48,-1.24,True
4.44,-2.93,12.7,0.31,True
4.44,-2.93,12.7,0.31,True
0.08,-2.29,11.96,7.83,True
0.08,-2.29,11.96,7.83,True
0.08,-2.29,11.96,7.83,True
0.08,-2.29,11.96,7.83,True
0.08,-2.29,11.96,7.83,True
0.08,-2.29,11.96,7.83,True
0.08,-2.29,11.96,7.83,True
0.08,-2.29,11.96,7.83,True
0.08,-2.29,11.96,7.83,True
0.08,-2.29,11.96,7.83,True
0.08,-2.29,11.96,7.83,True
0.08,-2.29,11.96,7.83,True
0.08,-2.29,11.96,7.83,True
0.08,-2.29,11.96,7.83,True
0.08,-2.29,11.96,7.83,True
1.04,-5.34,7.21,3.86,True
1.04,-5.34,7.21,3.86,True
1.04,-5.34,7.21,3.86,True
1.04,-5.34,7.21,3.86,True
1.04,-5.34,7.21,3.86,True
1.04,-5.34,7.21,3.86,True
5.32,-3.88,10.52,-1.16,True
1.04,-5.34,7.21,3.86,True
1.04,-5.34,7.21,3.86,True
1.04,-5.34,7.21,3.86,True
1.36,-2.74,13.53,3.41,True
1.04,-5.34,7.21,3.86,True
1.04,-5.34,7.21,3.86,True
0.09,-4.07,8.51,-4.43,True
4.63,-3.92,9.13,-5.76,True
4.05,-2.25,8.6,-2.48,True
1.33,-2.37,4.54,-4.66,True
1.04,-5.34,7.21,3.86,True
1.04,-5.34,7.21,3.86,True
1.04,-5.34,7.21,3.86,True
1.04,-5.34,7.21,3.86,True
1.04,-5.34,7.21,3.86,True
3.65,-2.26,8.65,-2.48,True
1.33,-2.37,4.54,-4.66,True
1.33,-2.37,4.54,-4.66,True
5.18,-3.96,9.28,-5.18,True
5.13,-2.39,14.7,2.17,True
5.13,-2.39,14.7,2.17,True
5.13,-2.39,14.7,2.17,True
5.13,-2.39,14.7,2.17,True
4.94,-2.39,14.65,2.21,True
5.13,-2.39,14.7,2.17,True
5.13,-2.39,14.7,2.17,True
5.13,-2.39,14.7,2.17,True
5.13,-2.39,14.7,2.17,True
5.13,-2.39,14.7,2.17,True
5.13,-2.39,14.7,2.17,True
4.94,-2.39,14.65,2.21,True
5.13,-2.39,14.7,2.17,True
5.13,-2.39,14.7,2.17,True
5.13,-2.39,14.7,2.17,True
5.13,-2.39,14.7,2.17,True
5.13,-2.39,14.7,2.17,True
5.13,-2.39,14.7,2.17,True
5.13,-2.39,14.7,2.17,True
5.13,-2.39,14.7,2.17,True
5.13,-2.39,14.7,2.17,True
5.13,-2.39,14.7,2.17,True
5.13,-2.39,14.7,2.17,True
5.13,-2.39,14.7,2.17,True
5.13,-2.39,14.7,2.17,True
5.13,-2.39,14.7,2.17,True
5.13,-2.39,14.7,2.17,True
5.13,-2.39,14.7,2.17,True
5.13,-2.39,14.7,2.17,True
5.13,-2.39,14.7,2.17,True
5.13,-2.39,14.7,2.17,True
5.13,-2.39,14.7,2.17,True
5.13,-2.39,14.7,2.17,True
5.13,-2.39,14.7,2.17,True
5.13,-2.39,14.7,2.17,True
5.13,-2.39,14.7,2.17,True
5.13,-2.39,14.7,2.17,True
5.13,-2.39,14.7,2.17,True
5.13,-2.39,14.7,2.17,True
5.13,-2.39,14.7,2.17,True
5.13,-2.39,14.7,2.17,True
5.13,-2.39,14.7,2.17,True
5.13,-2.39,14.7,2.17,True
5.13,-2.39,14.7,2.17,True
5.13,-2.39,14.7,2.17,True
5.13,-2.39,14.7,2.17,True
5.13,-2.39,14.7,2.17,True
5.13,-2.39,14.7,2.17,True
5.13,-2.39,14.7,2.17,True
5.13,-2.39,14.7,2.17,True
5.13,-2.39,14.7,2.17,True
5.13,-2.39,14.7,2.17,True
5.13,-2.39,14.7,2.17,True
5.13,-2.39,14.7,2.17,True
5.13,-2.39,14.7,2.17,True
4.44,-2.93,12.7,0.31,True
4.94,-2.39,14.65,2.21,True
4.44,-2.93,12.7,0.31,True
5.13,-2.39,14.7,2.17,True
0.09,-5.06,6.89,3.86,True
5.13,-1.63,9.77,0.08,True
5.13,-1.63,9.77,0.08,True
2.65,-2.21,3.09,-5.51,True
2.65,-2.21,3.09,-5.51,True
2.65,-2.21,3.09,-5.51,True
2.65,-2.21,3.09,-5.51,True
2.65,-2.21,3.09,-5.51,True
2.65,-2.21,3.09,-5.51,True
2.65,-2.21,3.09,-5.51,True
2.65,-2.21,3.09,-5.51,True
2.65,-2.21,3.09,-5.51,True
2.65,-2.21,3.09,-5.51,True
2.65,-2.21,3.09,-5.51,True
2.65,-2.21,3.09,-5.51,True
6.97,-0.46,5.11,-0.35,True
7.59,-3.95,9.13,-3.79,True
7.59,-3.95,9.13,-3.79,True
1.33,-2.37,4.54,-4.66,True
1.33,-2.37,4.54,-4.66,True
1.33,-2.37,4.54,-4.66,True
1.33,-2.37,4.54,-4.66,True
1.33,-2.37,4.54,-4.66,True
1.33,-2.37,4.54,-4.66,True
1.33,-2.37,4.54,-4.66,True
1.33,-2.37,4.54,-4.66,True
1.33,-2.37,4.54,-4.66,True
1.33,-2.37,4.54,-4.66,True
1.33,-2.37,4.54,-4.66,True
1.33,-2.37,4.54,-4.66,True
1.33,-2.37,4.54,-4.66,True
1.33,-2.37,4.54,-4.66,True
1.33,-2.37,4.54,-4.66,True
1.33,-2.37,4.54,-4.66,True
1.33,-2.37,4.54,-4.66,True
1.33,-2.37,4.54,-4.66,True
1.33,-2.37,4.54,-4.66,True
1.33,-2.37,4.54,-4.66,True
1.33,-2.37,4.54,-4.66,True
1.33,-2.37,4.54,-4.66,True
1.33,-2.37,4.54,-4.66,True
1.33,-2.37,4.54,-4.66,True
1.33,-2.37,4.54,-4.66,True
1.33,-2.37,4.54,-4.66,True
1.33,-2.37,4.54,-4.66,True
1.33,-2.37,4.54,-4.66,True
1.33,-2.37,4.54,-4.66,True
1.33,-2.37,4.54,-4.66,True
1.33,-2.37,4.54,-4.66,True
1.33,-2.37,4.54,-4.66,True
1.33,-2.37,4.54,-4.66,True
1.33,-2.37,4.54,-4.66,True
1.33,-2.37,4.54,-4.66,True
1.33,-2.37,4.54,-4.66,True
1.33,-2.37,4.54,-4.66,True
1.33,-2.37,4.54,-4.66,True
1.33,-2.37,4.54,-4.66,True
1.33,-2.37,4.54,-4.66,True
1.33,-2.37,4.54,-4.66,True
1.33,-2.37,4.54,-4.66,True
1.33,-2.37,4.54,-4.66,True
0.1,-0.1,2.04,4.59,True
0.1,-0.1,2.04,4.59,True
1.33,-2.37,4.54,-4.66,True
1.33,-2.37,4.54,-4.66,True
2.65,-2.21,3.09,-5.51,True
2.65,-2.21,3.09,-5.51,True
1.33,-2.37,4.54,-4.66,True
1.33,-2.37,4.54,-4.66,True
1.33,-2.37,4.54,-4.66,True
2.65,-2.21,3.09,-5.51,True
2.65,-2.21,3.09,-5.51,True
2.65,-2.21,3.09,-5.51,True
2.65,-2.21,3.09,-5.51,True
2.82,-2.32,3.86,-4.98,True
0.1,-0.1,2.04,4.59,True
0.1,-0.1,2.04,4.59,True
0.1,-0.1,2.04,4.59,True
5.32,-0.26,5.89,3.78,True
5.32,-0.26,5.89,3.78,True
5.32,-0.26,5.89,3.78,True
5.72,-0.26,5.95,3.78,True
5.72,-0.26,5.95,3.78,True
5.72,-0.26,5.95,3.78,True
5.32,-0.26,5.89,3.78,True
5.32,-0.26,5.89,3.78,True
5.72,-0.26,5.95,3.78,True
5.32,-0.26,5.89,3.78,True
5.32,-0.26,5.89,3.78,True
5.72,-0.26,5.95,3.78,True
5.72,-0.26,5.95,3.78,True
5.32,-0.26,5.89,3.78,True
5.32,-0.26,5.89,3.78,True
5.32,-0.26,5.89,3.78,True
6.86,-3.93,8.79,-5.04,True
7.15,-1.77,3.74,-2.36,True
5.04,-2.94,12.89,0.27,True
5.43,-2.95,13.01,0.27,True
5.32,-0.26,5.89,3.78,True
0.09,-4.07,8.51,-4.43,True
1.04,-5.34,7.21,3.86,True
5.04,-2.94,12.89,0.27,True
5.04,-2.94,12.89,0.27,True
5.04,-2.94,12.89,0.27,True
5.04,-2.94,12.89,0.27,True
1.68,-2.9,11.83,0.31,True
1.68,-2.9,11.83,0.31,True
1.03,-3.97,11.88,-1.14,True
0.1,-2.29,9.03,-2.62,True
2.75,-1.83,3.99,-1.58,True
11.61,-0.52,7.12,3.24,True
0.23,0.0,-2.66,4.5,True
0.23,0.0,-2.66,4.5,True
0.23,0.0,-2.66,4.5,True
0.23,0.0,-2.66,4.5,True
0.23,0.0,-2.66,4.5,True
0.23,0.0,-2.66,4.5,True
0.23,0.0,-2.66,4.5,True
0.23,0.0,-2.66,4.5,True
0.23,0.0,-2.66,4.5,True
0.23,0.0,-2.66,4.5,True
0.23,0.0,-2.66,4.5,True
0.23,0.0,-2.66,4.5,True
0.23,0.0,-2.66,4.5,True
0.23,0.0,-2.66,4.5,True
0.23,0.0,-2.66,4.5,True
0.23,0.0,-2.66,4.5,True
0.23,0.0,-2.66,4.5,True
0.23,0.0,-2.66,4.5,True
0.23,0.0,-2.66,4.5,True
0.23,0.0,-2.66,4.5,True
0.23,0.0,-2.66,4.5,True
0.23,0.0,-2.66,4.5,True
0.23,0.0,-2.66,4.5,True
0.23,0.0,-2.66,4.5,True
0.09,-3.74,12.19,1.13,True
1.97,-2.13,4.52,-1.5,True
2.97,-2.44,14.13,2.21,True
0.08,-1.81,4.11,-0.86,True
0.09,-2.13,10.45,-1.24,True
0.09,-4.18,4.27,-0.37,True
0.09,-2.82,10.52,0.21,True
0.09,-2.82,10.52,0.21,True
0.09,-2.82,10.52,0.21,True
1.83,-3.89,3.89,-0.61,True
2.19,-3.99,3.99,-0.61,True
1.83,-3.89,3.89,-0.61,True
1.83,-3.89,3.89,-0.61,True
1.83,-3.89,3.89,-0.61,True
2.37,-4.03,4.03,-0.61,True
2.37,-4.03,4.03,-0.61,True
2.37,-4.03,4.03,-0.61,True
2.37,-4.03,4.03,-0.61,True
0.09,-2.82,10.52,0.21,True
0.09,-2.82,10.52,0.21,True
0.09,-2.82,10.52,0.21,True
0.69,-2.29,8.96,-2.62,True
0.69,-2.29,8.96,-2.62,True
0.69,-2.29,8.96,-2.62,True
0.69,-2.29,8.96,-2.62,True
0.69,-2.29,8.96,-2.62,True
1.83,-3.89,3.89,-0.61,True
0.1,-0.1,2.04,4.59,True
0.1,-0.1,2.04,4.59,True
0.1,-0.1,2.04,4.59,True
0.1,-0.1,2.04,4.59,True
1.83,-3.89,3.89,-0.61,True
1.83,-3.89,3.89,-0.61,True
4.76,-4.19,4.1,-0.58,True
3.39,-2.3,3.94,-4.17,True
3.57,-2.3,3.99,-4.17,True
3.57,-2.3,3.99,-4.17,True
5.51,-3.75,9.12,-1.2,True
5.51,-3.75,9.12,-1.2,True
2.19,-3.99,3.99,-0.61,True
2.19,-3.99,3.99,-0.61,True
2.19,-3.99,3.99,-0.61,True
2.19,-3.99,3.99,-0.61,True
0.08,-1.81,4.11,-0.86,True
3.39,-2.3,3.94,-4.17,True
2.37,-4.03,4.03,-0.61,True
0.69,-2.29,8.96,-2.62,True
3.57,-2.3,3.99,-4.17,True
2.37,-4.03,4.03,-0.61,True
2.19,-3.99,3.99,-0.61,True
0.08,-1.81,4.11,-0.86,True
0.08,-1.81,4.11,-0.86,True
1.22,-3.97,11.82,-1.14,True
1.03,-3.97,11.88,-1.14,True
0.09,-3.74,12.19,1.13,True
0.08,-1.81,4.11,-0.86,True
5.52,-1.62,9.75,0.08,True
1.03,-3.97,11.88,-1.14,True
1.03,-3.97,11.88,-1.14,True
0.3,-3.0,11.36,-0.93,True
1.29,-2.89,11.71,0.31,True
0.3,-3.0,11.36,-0.93,True
3.51,-0.03,2.66,3.46,True
3.51,-0.03,2.66,3.46,True
3.51,-0.03,2.66,3.46,True
4.4,-2.52,1.13,-2.96,True
3.11,-0.03,2.68,3.46,True
4.4,-2.52,1.13,-2.96,True
4.4,-2.52,1.13,-2.96,True
4.4,-2.52,1.13,-2.96,True
6.13,-0.31,2.63,4.15,True
3.11,-0.03,2.68,3.46,True
3.11,-0.03,2.68,3.46,True
3.11,-0.03,2.68,3.46,True
4.4,-2.52,1.13,-2.96,True
0.08,-2.39,4.97,0.19,True
4.4,-2.52,1.13,-2.96,True
4.4,-2.52,1.13,-2.96,True
10.12,-0.85,9.89,3.18,True
10.12,-0.85,9.89,3.18,True
10.12,-0.85,9.89,3.18,True
4.4,-2.52,1.13,-2.96,True
0.04,-1.92,4.66,1.91,True
10.12,-0.85,9.89,3.18,True
6.32,-0.16,0.85,4.84,True
1.17,0.0,3.29,0.98,True
4.4,-2.52,1.13,-2.96,True
0.04,-1.92,4.66,1.91,True
6.32,-0.16,0.85,4.84,True
3.65,-1.95,4.34,-1.43,True
6.13,-0.31,2.63,4.15,True
0.04,-1.92,4.66,1.91,True
0.04,-1.92,4.66,1.91,True
0.04,-1.92,4.66,1.91,True
0.04,-1.92,4.66,1.91,True
0.04,-1.92,4.66,1.91,True
0.04,-1.92,4.66,1.91,True
0.04,-1.92,4.66,1.91,True
0.04,-1.92,4.66,1.91,True
0.04,-1.92,4.66,1.91,True
0.04,-1.92,4.66,1.91,True
1.97,-3.98,11.54,-1.44,True
1.79,-3.98,11.6,-1.44,True
11.61,-0.52,7.12,3.24,True
0.3,-3.0,11.36,-0.93,True
1.42,-2.15,4.48,-1.78,True
1.97,-2.13,4.52,-1.5,True
0.08,-2.39,4.97,0.19,True
1.42,-2.15,4.48,-1.78,True
1.97,-2.13,4.52,-1.5,True
1.97,-2.13,4.52,-1.5,True
1.97,-2.13,4.52,-1.5,True
4.62,-2.33,4.06,-4.45,True
11.42,-0.52,7.09,3.24,True
0.83,-3.97,11.94,-1.14,True
0.09,-5.06,6.89,3.86,True
11.22,-1.7,9.39,-0.65,True
1.03,-3.97,11.88,-1.14,True
0.09,-5.06,6.89,3.86,True
10.31,0.17,5.05,-1.01,True
0.27,-3.74,12.13,1.13,True
0.09,-3.74,12.19,1.13,True
10.63,0.16,5.05,-1.01,True
0.09,-3.74,12.19,1.13,True
0.1,-3.0,11.29,-0.93,True
0.08,-1.81,4.11,-0.86,True
11.61,-1.69,9.36,-0.65,True
11.22,-1.7,9.39,-0.65,True
11.42,-1.69,9.37,-0.65,True
4.79,-1.89,4.39,-0.62,True
4.95,-1.87,4.37,-0.62,True
4.79,-1.89,4.39,-0.62,True
8.08,-2.97,13.8,0.3,True
6.12,-1.79,3.87,-2.2,True
11.42,-1.69,9.37,-0.65,True
11.42,-1.69,9.37,-0.65,True
11.61,-1.69,9.36,-0.65,True
11.61,-1.69,9.36,-0.65,True
11.61,-1.69,9.36,-0.65,True
0.83,-3.97,11.94,-1.14,True
11.42,-1.69,9.37,-0.65,True
11.61,-1.69,9.36,-0.65,True
11.61,-1.69,9.36,-0.65,True
11.61,-1.69,9.36,-0.65,True
0.08,-1.81,4.11,-0.86,True
0.08,-1.81,4.11,-0.86,True
0.09,-4.95,6.12,2.39,True
12.0,-0.53,7.18,3.24,True
12.0,-0.53,7.18,3.24,True
1.22,-3.97,11.82,-1.14,True
11.61,-1.69,9.36,-0.65,True
11.61,-1.69,9.36,-0.65,True
12.0,-0.53,7.18,3.24,True
12.0,-0.53,7.18,3.24,True
12.0,-0.53,7.18,3.24,True
12.0,-0.53,7.18,3.24,True
12.0,-0.53,7.18,3.24,True
12.0,-0.53,7.18,3.24,True
12.0,-0.53,7.18,3.24,True
12.0,-0.53,7.18,3.24,True
1.61,-3.96,11.69,-1.14,True
1.97,-2.13,4.52,-1.5,True
1.97,-2.13,4.52,-1.5,True
0.08,-2.39,4.97,0.19,True
0.08,-2.39,4.97,0.19,True
1.97,-2.13,4.52,-1.5,True
4.79,-1.89,4.39,-0.62,True
0.08,-1.81,4.11,-0.86,True
1.17,0.0,3.29,0.98,True
1.53,0.0,3.28,0.98,True
4.64,-2.93,12.76,0.31,True
10.47,0.17,5.05,-1.01,True
9.3,0.0,4.77,4.28,True
9.5,0.0,5.61,3.1,True
9.5,0.0,5.61,3.1,True
9.5,0.0,5.61,3.1,True
9.5,0.0,5.61,3.1,True
9.5,0.0,5.61,3.1,True
9.5,0.0,5.61,3.1,True
9.5,0.0,5.61,3.1,True
9.5,0.0,5.61,3.1,True
9.5,0.0,5.61,3.1,True
9.5,0.0,5.61,3.1,True
9.5,0.0,5.61,3.1,True
9.5,0.0,5.61,3.1,True
9.5,0.0,5.61,3.1,True
9.5,0.0,5.61,3.1,True
9.5,0.0,5.61,3.1,True
9.5,0.0,5.61,3.1,True
9.5,0.0,5.61,3.1,True
9.5,0.0,5.61,3.1,True
9.5,0.0,5.61,3.1,True
9.5,0.0,5.61,3.1,True
9.5,0.0,5.61,3.1,True
9.5,0.0,5.61,3.1,True
9.5,0.0,5.61,3.1,True
9.3,0.0,4.77,4.28,True
2.76,-0.04,2.32,2.77,True
2.76,-0.04,2.32,2.77,True
2.76,-0.04,2.32,2.77,True
2.76,-0.04,2.32,2.77,True
2.57,-0.02,2.31,2.77,True
2.38,-0.01,2.3,2.77,True
2.38,-0.01,2.3,2.77,True
2.39,-0.08,2.34,2.77,True
6.32,-0.16,0.85,4.84,True
2.39,-0.08,2.34,2.77,True
2.39,-0.08,2.34,2.77,True
2.58,-0.06,2.33,2.77,True
2.58,-0.06,2.33,2.77,True
2.76,-0.04,2.32,2.77,True
2.76,-0.04,2.32,2.77,True
2.76,-0.04,2.32,2.77,True
2.57,-0.02,2.31,2.77,True
2.57,-0.02,2.31,2.77,True
2.57,-0.02,2.31,2.77,True
2.38,-0.01,2.3,2.77,True
2.38,-0.01,2.3,2.77,True
2.38,-0.01,2.3,2.77,True
2.38,-0.01,2.3,2.77,True
2.19,0.01,2.29,2.77,True
2.19,0.01,2.29,2.77,True
0.23,0.0,-2.66,4.5,True
0.05,-1.53,4.41,1.27,True
0.05,-1.53,4.41,1.27,True
4.4,-2.52,1.13,-2.96,True
5.44,-2.62,0.62,-3.11,True
5.44,-2.62,0.62,-3.11,True
5.44,-2.62,0.62,-3.11,True
4.57,-2.53,-0.32,-3.15,True
9.85,-1.6,9.5,0.08,True
0.1,-0.1,2.04,4.59,True
6.86,-3.93,8.79,-5.04,True
11.46,-1.69,9.32,-0.65,True
11.46,-1.69,9.32,-0.65,True
11.46,-1.69,9.32,-0.65,True
11.46,-1.69,9.32,-0.65,True
11.46,-1.69,9.32,-0.65,True
11.46,-1.69,9.32,-0.65,True
11.46,-1.69,9.32,-0.65,True
11.46,-1.69,9.32,-0.65,True
11.46,-1.69,9.32,-0.65,True
1.42,-2.15,4.48,-1.78,True
1.42,-2.15,4.48,-1.78,True
0.08,-2.39,4.97,0.19,True
0.08,-2.39,4.97,0.19,True
0.08,-2.39,4.97,0.19,True
0.08,-2.39,4.97,0.19,True
4.14,-2.33,4.03,-4.58,True
1.73,-2.74,13.42,3.41,True
0.1,-3.56,2.6,6.6,True
1.04,-5.34,7.21,3.86,True
1.23,-2.47,2.98,7.66,True
0.09,-4.95,6.12,2.39,True
0.09,-4.95,6.12,2.39,True
0.1,-0.1,2.04,4.59,True
4.61,-2.32,3.95,-4.45,True
1.04,-5.34,7.21,3.86,True
0.1,-0.1,2.04,4.59,True
1.96,-0.15,0.45,2.48,True
1.96,-0.15,0.45,2.48,True
1.83,0.0,3.39,3.14,True
6.6,-0.48,5.11,-0.35,True
1.96,-0.15,0.45,2.48,True
0.08,-2.39,4.97,0.19,True
0.08,-2.39,4.97,0.19,True
0.08,-2.39,4.97,0.19,True
10.47,0.17,5.05,-1.01,True
10.47,0.17,5.05,-1.01,True
10.47,0.17,5.05,-1.01,True
10.47,0.17,5.05,-1.01,True
10.47,0.17,5.05,-1.01,True
10.47,0.17,5.05,-1.01,True
10.47,0.17,5.05,-1.01,True
10.47,0.17,5.05,-1.01,True
1.42,-2.15,4.48,-1.78,True
3.96,-2.33,5.21,-6.56,True
3.96,-2.33,5.21,-6.56,True
0.1,-0.1,2.04,4.59,True
0.23,0.0,-2.66,4.5,True
0.99,0.0,3.29,0.98,True
9.3,0.0,4.77,4.28,True
0.56,0.0,-0.43,2.48,True
0.17,0.0,-0.42,2.48,True
0.17,0.0,-0.42,2.48,True
0.09,-2.72,4.98,0.17,True
0.08,-1.81,4.11,-0.86,True
0.08,-1.81,4.11,-0.86,True
0.08,-1.81,4.11,-0.86,True
0.08,-1.81,4.11,-0.86,True
0.08,-1.81,4.11,-0.86,True
0.08,-1.81,4.11,-0.86,True
0.08,-1.81,4.11,-0.86,True
0.08,-1.81,4.11,-0.86,True
0.08,-1.81,4.11,-0.86,True
0.08,-1.81,4.11,-0.86,True
8.74,-2.97,17.66,2.96,True
0.1,-0.1,2.04,4.59,True
4.45,-2.32,4.2,-4.17,True
3.0,-2.46,6.38,-3.56,True
0.08,-2.39,4.97,0.19,True
0.08,-2.39,4.97,0.19,True
5.49,-2.38,14.79,2.17,True
5.04,-2.94,12.89,0.27,True
5.49,-2.38,14.79,2.17,True
5.49,-2.38,14.79,2.17,True
5.49,-2.38,14.79,2.17,True
0.3,-3.0,11.36,-0.93,True
1.29,-2.89,11.71,0.31,True
8.12,0.0,4.74,4.28,True
8.12,0.0,4.74,4.28,True
8.12,0.0,4.74,4.28,True
8.51,0.0,4.75,4.28,True
7.08,0.46,5.26,-4.24,True
8.21,0.41,5.26,-4.24,True
0.09,-5.06,6.89,3.86,True
7.9,2.16,-13.74,0.89,True
1.97,-2.13,4.52,-1.5,True
1.03,-3.97,11.88,-1.14,True
1.22,-3.97,11.82,-1.14,True
4.57,-0.28,2.7,4.15,True
4.57,-0.28,2.7,4.15,True
4.44,-2.93,12.7,0.31,True
5.28,-4.21,6.44,-2.08,True
1.78,-2.46,13.81,2.21,True
6.11,-3.82,9.45,-0.76,True
6.11,-3.82,9.45,-0.76,True
6.11,-3.82,9.45,-0.76,True
6.11,-3.82,9.45,-0.76,True
6.11,-3.82,9.45,-0.76,True
0.1,-2.03,5.67,-6.46,True
1.61,-3.96,11.69,-1.14,True
1.55,-0.04,3.2,3.04,True
1.76,-4.13,4.21,0.45,True
1.76,-4.13,4.21,0.45,True
2.14,-4.12,4.2,0.45,True
2.7,-4.11,4.19,0.45,True
6.86,-3.93,8.79,-5.04,True
6.86,-3.93,8.79,-5.04,True
6.86,-3.93,8.79,-5.04,True
2.14,-4.12,4.2,0.45,True
2.14,-4.12,4.2,0.45,True
2.14,-4.12,4.2,0.45,True
1.76,-4.13,4.21,0.45,True
1.76,-4.13,4.21,0.45,True
1.76,-4.13,4.21,0.45,True
2.7,-4.11,4.19,0.45,True
5.49,-2.38,14.79,2.17,True
9.85,-1.6,9.5,0.08,True
9.85,-1.6,9.5,0.08,True
9.85,-1.6,9.5,0.08,True
9.85,-1.6,9.5,0.08,True
5.67,-4.25,6.45,-2.08,True
5.49,-2.38,14.79,2.17,True
5.49,-2.38,14.79,2.17,True
5.49,-2.38,14.79,2.17,True
5.49,-2.38,14.79,2.17,True
5.49,-2.38,14.79,2.17,True
5.49,-2.38,14.79,2.17,True
5.49,-2.38,14.79,2.17,True
5.49,-2.38,14.79,2.17,True
9.85,-1.6,9.5,0.08,True
