index,lon,lat,age,plate_id
0,-108.08,37.4,61,101
1,-121.744,47.164,21,173
2,-121.828,47.155,25,173
3,-121.825,47.155,25,173
4,-121.861,47.15600000000001,21,173
5,-113.58,39.71,5,178
6,-122.914,42.6151,37,173
7,-122.907,42.6098,37,173
8,-122.876,42.6094,37,173
9,-122.88,42.5805,37,173
10,-122.268,44.7507,16,173
11,-122.256,44.7918,12,173
12,-105.128,38.7292,32,101
13,-105.134,38.7376,29,101
14,-105.13,38.7,29,101
15,-107.522,32.9806,75,101
16,-107.558,32.9458,75,101
17,-107.531,32.9672,74,101
18,-107.534,32.9661,74,101
19,-107.533,32.9661,74,101
20,-107.533,32.9664,74,101
21,-107.529,32.9772,74,101
22,-107.55,32.9381,74,101
23,-107.53,32.9681,74,101
24,-107.546,32.9686,74,101
25,-107.54,32.9258,74,101
26,-107.511,32.9947,74,101
27,-107.546,32.935,74,101
28,-107.523,32.9803,72,101
29,-107.538,32.9664,72,101
30,-107.531,32.9933,72,101
31,-107.556,32.9569,72,101
32,-107.534,32.9664,72,101
33,-107.554,32.9422,72,101
34,-107.557,32.945,72,101
35,-107.543,32.9444,72,101
36,-105.109,37.5747,33,101
37,-105.119,37.5725,34,101
38,-105.134,36.9508,29,101
39,-105.051,37.2142,27,101
40,-105.184,36.7852,26,101
41,-105.165,36.9381,26,101
42,-105.103,37.015,26,101
43,-104.492,36.9272,26,101
44,-104.492,36.9272,25,101
45,-105.106,37.3678,24,101
46,-105.036,37.2539,23,101
47,-104.492,36.9272,23,101
48,-105.044,37.2575,21,101
49,-105.044,37.2575,23,101
50,-105.029,37.2406,24,101
51,-105.033,37.2375,23,101
52,-105.008,37.0558,23,101
53,-104.591,36.9906,23,101
54,-105.066,37.5222,23,101
55,-105.091,37.53,22,101
56,-105.019,37.1558,22,101
57,-105.03,37.4722,22,101
58,-105.043,37.0892,22,101
59,-105.033,37.1239,23,101
60,-105.042,37.2536,22,101
61,-105.048,37.2661,21,101
62,-105.094,37.4639,21,101
63,-105.061,37.3281,21,101
64,-104.468,36.9433,21,101
65,-104.585,36.8986,20,101
66,-105.025,37.1494,21,101
67,-105.021,37.0781,9,101
68,-104.483,37.0428,7,101
69,-104.416,36.9428,4,101
70,-105.224,36.9381,30,101
71,-105.188,36.9789,29,101
72,-105.195,36.9786,30,101
73,-105.191,36.9797,26,101
74,-105.208,36.9389,25,101
75,-105.222,36.9342,25,101
76,-105.191,36.9797,25,101
77,-105.265,36.9881,15,101
78,-105.268,37.0011,15,101
79,-105.268,37.0106,15,101
80,-105.271,37.0256,15,101
81,-105.196,36.985,15,101
82,-105.197,36.9853,14,101
83,-105.227,37.0292,12,101
84,-105.244,37.0381,12,101
85,-105.232,37.0381,12,101
86,-105.34,37.0647,11,101
87,-105.34,37.0647,12,101
88,-105.348,37.0714,4,101
89,-105.367,37.3203,5,101
90,-105.428,37.2111,5,101
91,-105.438,37.2661,5,101
92,-105.066,37.0303,30,101
93,-104.786,37.1244,26,101
94,-104.459,36.9017,28,101
95,-122.928,42.8025,37,173
96,-122.926,42.7672,37,173
97,-122.888,42.7712,27,173
98,-122.866,42.56800000000001,36,173
99,-122.939,42.749,40,173
100,-122.904,42.688,40,173
101,-111.782,24.3967,5,105
102,-116.365,40.9691,121,178
103,-116.305,40.8609,106,178
104,-98.3,18.3,158,215
105,-111.83,24.45,6,105
106,-110.293,43.9328,104,101
107,-110.352,43.9372,60,101
108,-110.353,43.9386,60,101
109,-110.37,44.0236,60,101
110,-110.296,43.9283,104,101
111,-110.295,43.9289,104,101
112,-110.294,43.9292,104,101
113,-110.32,43.9514,104,101
114,-110.319,43.9517,104,101
115,-110.319,43.9519,104,101
116,-110.318,43.9522,104,101
117,-110.413,43.9444,104,101
118,-110.423,43.9283,104,101
119,-110.422,43.9258,104,101
120,-110.421,43.9261,104,101
121,-110.531,44.0133,104,101
122,-110.532,44.0136,104,101
123,-110.547,44.0039,104,101
124,-110.497,43.9639,104,101
125,-110.51,43.9514,1,101
126,-110.514,44.0167,104,101
127,-110.514,44.0169,104,101
128,-110.516,44.0186,104,101
129,-110.516,44.0189,104,101
130,-110.502,44.02,104,101
131,-110.531,43.9911,104,101
132,-110.532,44.0336,104,101
133,-110.538,44.0414,104,101
134,-110.414,43.945,104,101
135,-110.414,43.9236,104,101
136,-110.288,44.1328,104,101
137,-110.318,43.9147,60,101
138,-110.394,43.9542,104,101
139,-110.394,43.9536,104,101
140,-110.393,43.9531,104,101
141,-110.393,43.9528,104,101
142,-110.393,43.9525,104,101
143,-110.393,43.9522,104,101
144,-110.393,43.9519,104,101
145,-110.392,43.9517,104,101
146,-110.391,43.9503,104,101
147,-110.391,43.95,104,101
148,-110.391,43.9497,104,101
149,-110.39,43.9492,104,101
150,-110.39,43.9483,104,101
151,-110.389,43.9483,104,101
152,-110.335,43.9914,104,101
153,-110.317,44.0294,60,101
154,-110.351,43.9597,60,101
155,-110.35,43.96,60,101
156,-110.35,43.9603,60,101
157,-110.366,43.9606,60,101
158,-110.365,43.9608,60,101
159,-110.364,43.9614,60,101
160,-110.361,43.9639,60,101
161,-110.358,43.9642,60,101
162,-110.357,43.9642,60,101
163,-110.356,43.9644,60,101
164,-110.314,43.9828,60,101
165,-110.314,43.9825,60,101
166,-110.314,43.9822,60,101
167,-110.319,43.9842,60,101
168,-110.318,43.9689,60,101
169,-110.317,43.9853,60,101
170,-110.317,43.985,60,101
171,-110.429,43.9753,104,101
172,-110.43,43.9758,104,101
173,-110.432,43.9783,104,101
174,-110.436,43.9786,104,101
175,-110.446,44.0133,104,101
176,-110.467,43.9958,1,101
177,-110.466,43.9961,1,101
178,-110.372,44.0586,60,101
179,-115.946,47.5381,104,154
180,-115.93,47.5247,104,154
181,-115.93,47.5258,104,154
182,-142.461,64.9778,156,16105
183,-115.859,47.5378,104,154
184,-115.88,47.5347,104,154
185,-115.864,47.5347,104,154
186,-115.866,47.5336,104,154
187,-115.872,47.5283,104,154
188,-115.87,47.5306,104,154
189,-115.863,47.5328,104,154
190,-115.859,47.5358,104,154
191,-115.857,47.5356,104,154
192,-115.851,47.5381,104,154
193,-115.851,47.5386,104,154
194,-115.844,47.5436,104,154
195,-115.844,47.5444,104,154
196,-115.842,47.5456,104,154
197,-115.84,47.5456,104,154
198,-115.838,47.5447,104,154
199,-115.836,47.5447,104,154
200,-115.834,47.5456,104,154
201,-115.837,47.5586,104,154
202,-115.867,47.5406,104,154
203,-115.822,47.5594,104,154
204,-115.82,47.5575,104,154
205,-115.879,47.5042,104,154
206,-109.958,45.0828,33,101
207,-109.955,45.0786,33,101
208,-109.957,45.0794,33,101
209,-109.943,45.0736,33,101
210,-109.954,45.0614,33,101
211,-109.925,45.0133,33,101
212,-109.946,45.0558,33,101
213,-109.943,45.0672,33,101
214,-109.94,45.0694,33,101
215,-109.944,45.0594,33,101
216,-109.946,45.0578,33,101
217,-109.953,45.0342,33,101
218,-109.956,45.0619,33,101
219,-109.949,45.0844,33,101
220,-109.975,45.0733,33,101
221,-109.974,45.0708,33,101
222,-109.957,45.0819,33,101
223,-109.949,45.0797,33,101
224,-109.951,45.0789,33,101
225,-109.958,45.0772,33,101
226,-109.954,45.0722,33,101
227,-109.952,45.0731,33,101
228,-109.944,45.0728,33,101
229,-109.938,45.0747,33,101
230,-109.949,45.0764,33,101
231,-109.953,45.0764,33,101
232,-109.924,45.0694,33,101
233,-109.956,45.0681,33,101
234,-109.957,45.0672,33,101
235,-109.951,45.0744,33,101
236,-109.953,45.0378,33,101
237,-109.936,45.0753,33,101
238,-109.934,45.0767,33,101
239,-109.936,45.0778,33,101
240,-109.94,45.0722,33,101
241,-109.943,45.0722,33,101
242,-109.946,45.0572,33,101
243,-109.947,45.0589,33,101
244,-109.908,45.1242,33,101
245,-109.918,45.1056,33,101
246,-109.956,45.0714,33,101
247,-110.335,43.9908,60,101
248,-110.411,43.9583,104,101
249,-110.446,44.0133,60,101
250,-110.466,43.9961,104,101
251,-110.465,43.995,104,101
252,-110.464,43.9944,104,101
253,-110.473,43.9919,104,101
254,-110.488,43.9967,104,101
255,-110.488,44.0467,104,101
256,-110.489,44.0447,104,101
257,-110.489,44.0422,104,101
258,-110.486,44.0375,104,101
259,-110.386,44.0633,60,101
260,-110.396,44.0678,60,101
261,-110.359,44.1244,104,101
262,-110.356,44.1194,104,101
263,-110.347,44.1056,104,101
264,-110.356,44.1056,104,101
265,-110.342,44.0942,104,101
266,-110.365,43.9228,60,101
267,-110.365,44.9233,60,101
268,-110.364,43.9239,60,101
269,-110.364,43.9217,60,101
270,-110.369,43.9206,60,101
271,-110.365,43.915,104,101
272,-110.364,43.9158,104,101
273,-110.363,43.9172,60,101
274,-110.371,43.8978,104,101
275,-110.371,43.9003,104,101
276,-110.349,43.8972,1,101
277,-110.414,43.9461,104,101
278,-110.378,44.1361,104,101
279,-110.532,44.0139,104,101
280,-110.426,43.8294,104,101
281,-143.989,61.66,227,16110
282,-143.592,61.4797,156,16110
283,-109.7,44.8,44,101
284,-110.096,45.1492,33,101
285,-110.094,45.1503,33,101
286,-110.091,45.1519,33,101
287,-110.214,45.2144,33,101
288,-110.092,45.15,33,101
289,-110.084,45.1508,33,101
290,-110.082,45.15,33,101
291,-110.067,45.1511,33,101
292,-110.085,45.1486,33,101
293,-110.082,45.1478,33,101
294,-109.963,45.0506,33,101
295,-110.967,45.0592,33,101
296,-110.967,45.0506,33,101
297,-110.992,45.0542,33,101
298,-109.955,45.0736,33,101
299,-110.258,45.0408,33,101
300,-110.026,45.0861,33,101
301,-109.92,45.065,33,101
302,-109.929,45.08,33,101
303,-109.881,45.1189,33,101
304,-109.908,45.0947,33,101
305,-109.951,45.0517,33,101
306,-109.906,45.1158,33,101
307,-109.901,45.1164,33,101
308,-117.379,40.9844,33,178
309,-115.942,47.5275,104,154
310,-115.94,47.5258,104,154
311,-115.939,47.5256,104,154
312,-115.937,47.525,104,154
313,-115.939,47.5261,104,154
314,-115.94,47.5297,104,154
315,-115.929,47.5411,104,154
316,-115.929,47.5417,104,154
317,-115.911,47.5367,104,154
318,-115.916,47.5372,104,154
319,-115.918,47.5422,104,154
320,-116.917,35.0,33,101
321,-114.083,33.9333,33,101
322,-112.75,33.8333,33,101
323,-114.883,33.2,33,101
324,-107.821,37.7797,15,101
325,-107.822,37.7814,15,101
326,-107.805,37.7894,33,101
327,-107.801,37.7875,104,101
328,-107.82,37.7897,33,101
329,-107.823,37.7842,33,101
330,-107.826,37.7764,33,101
331,-107.828,37.7764,33,101
332,-107.774,37.8206,33,101
333,-107.773,37.8211,33,101
334,-107.804,37.7519,175,101
335,-107.804,37.7528,175,101
336,-107.805,37.7544,175,101
337,-107.788,37.8511,33,101
338,-107.803,37.8522,33,101
339,-107.776,37.8547,33,101
340,-107.804,37.8464,33,101
341,-107.795,37.8453,33,101
342,-107.794,37.8461,33,101
343,-107.812,37.8522,33,101
344,-107.812,37.8514,33,101
345,-107.81,37.8517,33,101
346,-107.836,37.8425,175,101
347,-109.25,31.8667,15,101
348,-109.217,31.85,15,101
349,-109.233,31.85,104,101
350,-109.3,31.85,15,101
351,-109.3,31.85,104,101
352,-109.3,31.8333,15,101
353,-109.3,31.7833,15,101
354,-109.317,31.8,15,101
355,-116.491,40.1903,15,178
356,-119.008,38.2083,4,178
357,-131.753,55.2544,175,16111
358,-131.85,55.4264,175,16111
359,-131.672,55.2514,175,16111
360,-131.776,55.3944,175,16111
361,-131.786,55.1958,227,16111
362,-105.4,40.1278,33,101
363,-109.217,31.8667,33,101
364,-109.217,31.85,33,101
365,-109.317,31.7833,33,101
366,-114.553,43.9375,33,154
367,-115.086,44.3122,104,154
368,-114.487,43.9786,33,154
369,-109.926,45.0236,33,101
370,-109.926,45.025,33,101
371,-109.929,45.025,33,101
372,-109.935,45.0264,33,101
373,-109.935,45.0236,33,101
374,-109.926,45.0347,33,101
375,-109.936,45.0667,33,101
376,-109.921,45.0208,33,101
377,-109.929,45.0069,33,101
378,-109.942,45.0486,33,101
379,-109.935,45.0458,33,101
380,-109.935,45.0431,33,101
381,-109.935,45.0403,33,101
382,-109.928,45.0375,33,101
383,-109.931,45.0278,33,101
384,-109.931,45.0292,33,101
385,-109.929,45.0292,33,101
386,-109.932,45.0306,33,101
387,-109.935,45.0306,33,101
388,-109.94,45.0319,33,101
389,-109.953,45.0569,33,101
390,-109.951,45.0556,33,101
391,-109.951,45.0542,33,101
392,-109.954,45.0361,33,101
393,-109.944,45.0444,33,101
394,-109.951,45.0431,33,101
395,-109.942,45.0444,33,101
396,-109.943,45.0431,33,101
397,-109.946,45.0431,33,101
398,-109.933,45.0347,33,101
399,-109.935,45.0347,33,101
400,-109.936,45.0347,33,101
401,-109.946,45.0472,33,101
402,-109.951,45.0514,33,101
403,-109.956,45.0528,33,101
404,-109.956,45.0486,33,101
405,-109.961,45.0375,33,101
406,-109.956,45.0556,33,101
407,-109.932,45.1,33,101
408,-109.946,45.0556,33,101
409,-109.944,45.0542,33,101
410,-109.926,45.0486,33,101
411,-109.928,45.0486,33,101
412,-109.942,45.05,33,101
413,-109.0,38.6342,227,101
414,-109.07,38.35,227,101
415,-110.42,37.9033,227,101
416,-109.42,38.01,227,101
417,-107.126,38.6956,29,101
418,-109.911,45.1264,33,101
419,-109.922,45.0486,33,101
420,-109.908,45.1264,33,101
421,-109.918,45.1222,33,101
422,-109.911,45.1278,33,101
423,-109.954,45.0711,33,101
424,-107.824,37.8089,29,101
425,-107.82,37.8008,29,101
426,-107.818,37.8053,29,101
427,-107.819,37.8056,29,101
428,-107.82,37.8019,29,101
429,-107.821,37.8086,29,101
430,-107.673,37.7883,15,101
431,-107.703,37.8931,29,101
432,-107.774,37.8469,29,101
433,-107.724,37.8492,29,101
434,-107.725,37.8403,29,101
435,-107.725,37.84,29,101
436,-107.724,37.8394,29,101
437,-107.674,37.8703,29,101
438,-107.814,37.8031,29,101
439,-114.874,44.2103,156,154
440,-114.698,44.2206,156,154
441,-114.898,44.2144,33,154
442,-114.844,44.1597,33,154
443,-117.384,40.9533,104,178
444,-117.416,40.9458,104,178
445,-117.442,40.9875,33,178
446,-117.422,40.8194,104,178
447,-117.423,40.8183,104,178
448,-117.436,40.8253,104,178
449,-117.423,40.8178,104,178
450,-107.14,38.0492,33,101
451,-107.667,38.0583,33,101
452,-107.656,38.0611,33,101
453,-107.653,38.0583,33,101
454,-107.493,38.0594,33,101
455,-107.786,37.9778,33,101
456,-107.914,38.0222,33,101
457,-107.919,38.0139,33,101
458,-107.925,38.0083,33,101
459,-107.101,38.7117,29,101
460,-107.158,38.8089,44,101
461,-114.629,43.8825,33,154
462,-114.631,43.8817,33,154
463,-114.516,43.8397,156,154
464,-114.654,43.8981,33,154
465,-114.574,44.1269,33,154
466,-114.57,44.1311,33,154
467,-114.402,43.9606,33,154
468,-114.46,43.9244,33,154
469,-114.507,43.8356,104,154
470,-114.523,43.8419,33,154
471,-114.696,44.2311,104,154
472,-114.754,44.1461,104,154
473,-114.772,44.1617,104,154
474,-114.653,44.0092,104,154
475,-109.938,45.05,33,101
476,-109.931,45.0431,33,101
477,-109.931,45.0472,33,101
478,-109.947,45.0722,33,101
479,-109.951,45.0736,33,101
480,-109.953,45.0722,33,101
481,-109.95,45.0736,33,101
482,-109.947,45.0736,33,101
483,-109.946,45.0736,33,101
484,-109.946,45.075,33,101
485,-109.929,45.0431,33,101
486,-109.925,45.0403,33,101
487,-109.928,45.0389,33,101
488,-109.925,45.0333,33,101
489,-109.925,45.0347,33,101
490,-109.94,45.0472,33,101
491,-109.938,45.0444,33,101
492,-109.933,45.0361,33,101
493,-109.932,45.0361,33,101
494,-109.928,45.0347,33,101
495,-109.935,45.0361,33,101
496,-109.942,45.0472,33,101
497,-109.957,45.0458,33,101
498,-109.95,45.0542,33,101
499,-109.951,45.0694,33,101
500,-109.949,45.0625,33,101
501,-109.951,45.0639,33,101
502,-109.954,45.0694,33,101
503,-109.956,45.0569,33,101
504,-109.9,45.1111,33,101
505,-109.949,45.0736,33,101
506,-110.539,44.0369,104,101
507,-110.541,44.0406,104,101
508,-110.596,44.0825,1,101
509,-110.589,44.0956,104,101
510,-110.589,44.0961,104,101
511,-110.596,44.0958,104,101
512,-110.595,44.1214,175,101
513,-110.595,44.1219,175,101
514,-110.5,43.875,104,101
515,-109.03,35.75,175,101
516,-110.5,44.875,104,101
517,-110.513,43.8889,104,101
518,-110.569,43.94,15,101
519,-112.309,34.2922,33,101
520,-112.309,34.2756,33,101
521,-112.292,34.2756,33,101
522,-113.017,44.7264,2,154
523,-113.17,44.8856,33,154
524,-112.928,44.4278,4,154
525,-113.156,44.8822,35,154
526,-107.079,38.335,33,101
527,-106.649,38.7867,33,101
528,-106.445,38.7794,33,101
529,-106.049,38.688,33,101
530,-106.376,38.3683,33,101
531,-116.62,36.9367,33,178
532,-116.138,38.1992,33,178
533,-116.838,38.2289,33,178
534,-116.038,38.185,33,178
535,-116.0,40.0,44,178
536,-120.15,38.0261,104,176
537,-120.15,38.0261,175,176
538,-120.222,37.9503,104,176
539,-120.812,37.5958,104,176
540,-120.812,37.5958,175,176
541,-120.757,38.3897,104,176
542,-116.897,35.3503,1,101
543,-116.897,35.3497,1,101
544,-115.488,33.5394,33,101
545,-114.241,44.2803,73,154
546,-114.736,44.4147,33,154
547,-114.036,44.4131,33,154
548,-114.736,44.4078,33,154
549,-114.833,44.4439,33,154
550,-114.332,44.4114,33,154
551,-114.463,44.1694,33,154
552,-114.842,44.2972,33,154
553,-114.557,44.1856,33,154
554,-105.407,37.1047,33,101
555,-108.619,37.4867,104,101
556,-108.579,37.5111,104,101
557,-114.858,44.1908,33,154
558,-114.088,44.315,33,154
559,-114.058,44.135,33,154
560,-114.052,44.135,33,154
561,-114.652,44.1336,33,154
562,-114.74,44.4386,33,154
563,-114.74,44.44,33,154
564,-114.739,44.4419,33,154
565,-114.974,44.4419,33,154
566,-114.875,44.4389,33,154
567,-114.746,44.4389,33,154
568,-114.736,44.4375,33,154
569,-114.073,44.438,33,154
570,-114.471,44.4394,33,154
571,-114.854,44.3139,104,154
572,-114.659,44.3336,104,154
573,-121.015,43.8153,1,173
574,-120.498,38.0261,104,176
575,-120.498,38.0261,175,176
576,-120.217,37.955,104,176
577,-120.228,37.9644,104,176
578,-120.968,39.2261,104,176
579,-120.968,39.2261,227,176
580,-120.216,37.9503,104,176
581,-120.007,37.5581,104,176
582,-120.572,38.3897,104,176
583,-120.812,38.4083,104,176
584,-120.781,38.8197,104,176
585,-110.717,31.5294,33,101
586,-110.748,31.5103,33,101
587,-110.714,31.5167,33,101
588,-110.71,31.5208,33,101
589,-110.78,31.4761,33,101
590,-110.711,31.5167,33,101
591,-110.778,31.5053,33,101
592,-121.054,48.0328,1,173
593,-121.861,46.8622,1,173
594,-121.852,46.8639,1,173
595,-121.896,46.8689,1,173
596,-121.711,46.9122,1,173
597,-121.721,46.89,1,173
598,-121.345,46.6642,1,173
599,-121.806,46.9125,1,173
600,-121.777,46.9181,1,173
601,-121.656,46.8097,1,173
602,-121.905,46.8842,1,173
603,-121.928,46.8931,1,173
604,-121.879,46.8789,1,173
605,-121.858,46.8817,1,173
606,-121.853,46.8833,1,173
607,-121.852,46.8828,1,173
608,-121.843,46.8664,1,173
609,-121.841,46.8675,1,173
610,-121.735,46.8133,1,173
611,-121.741,46.7953,1,173
612,-148.116,62.7233,163,16110
613,-148.205,62.7483,227,16110
614,-148.231,62.7314,227,16110
615,-149.291,62.3944,33,16110
616,-149.02700000000004,62.3336,104,16110
617,-149.014,62.3508,227,16110
618,-149.061,62.4211,104,16110
619,-149.157,62.2986,33,16110
620,-149.253,62.3108,104,16110
621,-149.154,62.3178,33,16110
622,-149.02700000000004,62.2689,33,16110
623,-149.011,62.4069,33,16110
624,-148.123,62.7272,227,16110
625,-148.145,62.7303,227,16110
626,-148.213,62.7342,227,16110
627,-149.5,62.4778,33,16110
628,-148.993,62.45,33,16110
629,-148.997,62.45,33,16110
630,-149.019,62.4472,33,16110
631,-144.997,64.278,104,16105
632,-114.842,44.2972,89,154
633,-114.855,44.2994,89,154
634,-114.817,44.2794,44,154
635,-114.824,44.285,89,154
636,-114.825,44.285,89,154
637,-115.101,44.5286,104,154
638,-115.116,44.5406,104,154
639,-115.116,44.5411,73,154
640,-114.718,44.3842,44,154
641,-114.706,44.4467,44,154
642,-114.708,44.4492,44,154
643,-152.95,60.1219,175,16112
644,-152.951,60.1511,175,16112
645,-114.685,44.3803,33,154
646,-114.686,44.3817,33,154
647,-114.683,44.3789,33,154
648,-114.677,44.3736,33,154
649,-114.679,44.3733,33,154
650,-112.262,46.3417,104,154
651,-114.709,44.4491,33,154
652,-110.726,31.5214,33,101
653,-110.707,31.4906,33,101
654,-110.719,31.4847,33,101
655,-110.679,31.5011,33,101
656,-110.723,31.4669,33,101
657,-110.737,31.4886,33,101
658,-110.727,31.4872,33,101
659,-110.747,31.4944,33,101
660,-110.711,31.525,33,101
661,-110.706,31.4817,33,101
662,-154.75,58.3667,1,16112
663,-144.622,64.3451,104,16105
664,-144.621,64.3453,104,16105
665,-144.58700000000005,64.4232,104,16105
666,-144.569,64.4195,104,16105
667,-144.535,64.4145,104,16105
668,-144.536,64.417,104,16105
669,-144.537,64.4227,104,16105
670,-144.533,64.4242,104,16105
671,-144.599,64.4238,104,16105
672,-114.71,44.4488,44,154
673,-114.707,44.4492,44,154
674,-114.707,44.4493,44,154
675,-114.706,44.4498,44,154
676,-114.708,44.4502,44,154
677,-114.707,44.4492,33,154
678,-114.707,44.4496,33,154
679,-114.707,44.4992,33,154
680,-114.708,44.4502,33,154
681,-114.778,44.4686,44,154
682,-114.882,44.3954,44,154
683,-115.763,44.0729,33,154
684,-115.762,44.0728,33,154
685,-115.782,44.0322,33,154
686,-115.782,44.0335,33,154
687,-115.781,44.0328,33,154
688,-111.03,33.1,65,101
689,-111.01,33.09,65,101
690,-111.05,33.15,65,101
691,-111.41,32.63,33,101
692,-110.872,33.03,33,101
693,-110.98,33.11,33,101
694,-110.995,33.09,33,101
695,-110.994,33.08,33,101
696,-110.712,32.88,33,101
697,-110.859,33.14,33,101
698,-111.04,33.19,33,101
699,-110.812,33.05,33,101
700,-110.811,33.05,33,101
701,-114.865,44.40600000000001,44,154
702,-114.88,44.4031,44,154
703,-114.874,44.4015,44,154
704,-114.874,44.4013,44,154
705,-114.883,44.3897,44,154
706,-114.885,44.3947,44,154
707,-114.885,44.3943,44,154
708,-114.651,44.2741,104,154
709,-114.331,44.486,44,154
710,-114.878,44.3908,44,154
711,-114.879,44.3906,44,154
712,-114.866,44.4053,44,154
713,-114.865,44.4056,44,154
714,-114.885,44.3962,44,154
715,-149.34799999999996,63.1027,33,18106
716,-148.721,62.76,33,16110
717,-149.08,63.176,33,18106
718,-110.975,33.0967,1,101
719,-110.976,33.0958,1,101
720,-110.975,33.0939,1,101
721,-114.74,44.44,44,154
722,-114.739,44.4419,44,154
723,-114.736,44.4376,44,154
724,-114.712,44.4394,44,154
725,-114.738,44.4376,44,154
726,-123.104,43.6101,33,173
727,-123.105,43.608,33,173
728,-122.789,43.5615,29,173
729,-122.789,43.5611,29,173
730,-122.839,43.5044,29,173
731,-122.84,43.5015,29,173
732,-122.679,43.1628,29,173
733,-123.059,43.5586,29,173
734,-123.054,43.5572,29,173
735,-123.058,43.5708,29,173
736,-123.061,43.0571,29,173
737,-121.554,40.3604,1,178
738,-121.576,40.3247,4,178
739,-121.561,40.3367,4,178
740,-121.556,40.3492,4,178
741,-121.552,40.4597,1,178
742,-121.554,40.4585,1,178
743,-121.52,40.4511,1,178
744,-120.294,39.642,15,178
745,-120.294,39.6445,15,178
746,-144.376,64.4144,104,16105
747,-144.251,64.3447,104,16105
748,-144.208,64.3522,104,16105
749,-144.19299999999996,64.3569,104,16105
750,-144.201,64.3493,104,16105
751,-144.251,64.4087,104,16105
752,-144.214,64.3749,104,16105
753,-144.253,64.3432,104,16105
754,-121.857,47.1573,15,173
755,-121.827,47.1661,15,173
756,-121.828,47.1658,15,173
757,-122.11,46.3841,15,173
758,-121.579,40.3285,4,178
759,-121.583,40.3337,4,178
760,-121.557,40.3435,4,178
761,-142.175,64.6583,156,16104
762,-142.175,64.6083,156,16104
763,-143.11700000000005,64.4,156,16105
764,-152.049,62.5272,33,18106
765,-152.183,62.9,33,16105
766,-145.668,63.2983,33,16110
767,-154.71200000000005,63.2264,104,18106
768,-154.753,63.2305,104,18106
769,-154.539,63.5278,104,18103
770,-154.526,63.5208,104,18103
771,-154.54399999999995,63.5208,104,18103
772,-154.769,63.2375,104,18106
773,-154.767,63.2375,104,18106
774,-154.764,63.2403,104,18106
775,-154.756,63.2375,104,18106
776,-154.76,63.2417,104,18106
777,-154.278,63.6486,104,18103
778,-155.814,63.0611,104,18103
779,-155.936,63.5639,104,18103
780,-132.885,56.3769,33,16111
781,-122.9,42.2222,156,176
782,-154.336,63.8858,104,18103
783,-154.231,63.5847,104,18103
784,-154.964,63.5208,104,18103
785,-133.26,56.6686,227,16111
786,-151.55700000000004,66.06,175,18102
787,-149.533,60.8667,44,16121
788,-149.533,60.8667,104,16121
789,-149.55,60.7667,44,16121
790,-149.292,60.4583,104,16121
791,-154.454,58.6214,1,16112
792,-154.453,58.6228,175,16112
793,-154.362,58.5617,175,16112
794,-154.963,58.8914,1,16112
795,-154.977,58.8889,1,16112
796,-154.91299999999995,58.905,1,16112
797,-154.97899999999996,58.8903,1,16112
798,-154.975,58.8889,1,16112
799,-154.974,58.8897,1,16112
800,-154.97299999999996,58.8905,1,16112
801,-154.972,58.8903,1,16112
802,-154.965,58.8917,1,16112
803,-154.967,58.8917,1,16112
804,-154.207,58.6158,1,16112
805,-120.0,43.125,33,173
806,-119.25,42.375,33,173
807,-162.75,65.875,227,43301
808,-120.667,48.7667,104,173
809,-120.717,48.7667,104,173
810,-120.717,48.7833,104,173
811,-120.733,48.7833,104,173
812,-120.833,48.7833,104,173
813,-120.483,48.7167,33,173
814,-120.567,48.7167,104,173
815,-120.583,48.8333,104,16102
816,-120.317,48.7833,156,16102
817,-120.367,48.75,104,173
818,-120.5,48.6333,104,173
819,-136.983,58.7167,104,16122
820,-136.88299999999998,58.9333,156,16122
821,-136.887,58.8494,156,16122
822,-136.85,58.8667,156,16122
823,-136.517,58.8667,156,16111
824,-136.5,58.8667,156,16111
825,-136.88299999999998,58.8833,156,16122
826,-136.85,58.8833,156,16122
827,-136.833,58.8833,156,16122
828,-136.517,58.3833,156,16122
829,-107.75,40.75,60,101
830,-107.75,40.6333,60,101
831,-107.633,40.75,60,101
832,-107.75,40.8667,60,101
833,-110.367,43.5,60,178
834,-110.5,43.75,44,101
835,-110.375,43.875,44,101
836,-116.133,38.6333,33,178
837,-116.0,40.75,33,178
838,-121.383,39.7833,175,176
839,-106.5,37.3667,33,101
840,-116.125,38.0,29,178
841,-167.5,65.5,33,43301
842,-109.75,45.0,33,101
843,-105.625,33.875,13,101
844,-136.917,58.55,175,16122
845,-117.875,40.625,227,178
846,-117.875,40.5,227,178
847,-117.75,40.6167,175,178
848,-117.867,40.6167,175,178
849,-115.719,34.0683,156,101
850,-115.253,35.32,156,101
851,-115.249,35.3278,156,101
852,-107.625,33.375,33,101
853,-106.167,35.25,104,101
854,-106.333,39.25,33,101
855,-109.0,33.0,20,101
856,-108.75,33.0,20,101
857,-117.0,38.5,33,178
858,-117.0,38.5,104,178
859,-118.402,38.2094,156,178
860,-114.53,43.6694,104,154
861,-114.677,43.5811,89,154
862,-114.635,43.5756,89,154
863,-108.333,39.9167,44,101
864,-108.383,35.55,175,101
865,-106.167,35.3333,33,101
866,-142.6,62.0833,33,16110
867,-141.217,62.05,104,16110
868,-141.567,62.05,104,16110
869,-142.833,62.2,104,16110
870,-116.875,38.5,73,178
871,-110.75,38.0833,175,101
872,-107.294,37.9881,20,101
873,-107.87,37.9647,20,101
874,-107.279,38.0042,29,101
875,-113.335,36.1692,150,178
876,-107.301,38.9806,20,101
877,-107.337,38.0133,20,101
878,-106.5,39.0,33,101
879,-111.375,40.5,44,178
880,-106.514,39.4083,104,101
881,-106.515,39.4106,104,101
882,-107.6,37.7,33,101
883,-107.432,37.9344,33,101
884,-107.519,37.9542,33,101
885,-113.25,46.3167,104,154
886,-112.133,46.3667,33,154
887,-112.317,46.8167,33,154
888,-112.25,46.4167,33,154
889,-114.875,36.125,15,178
890,-116.827,34.6861,156,101
891,-110.25,33.25,15,101
892,-110.5,33.25,15,101
893,-122.695,40.7097,212,178
894,-122.693,40.7083,212,178
895,-122.717,40.7283,136,178
896,-118.167,40.2167,103,178
897,-117.031,38.7719,29,178
898,-117.052,38.7725,29,178
899,-117.052,38.7728,29,178
900,-117.051,38.7728,29,178
901,-118.167,40.2,227,178
902,-116.875,38.625,33,178
903,-116.875,38.625,104,178
904,-116.875,38.6222,33,178
905,-117.217,40.3,115,178
906,-159.667,60.9667,156,18106
907,-114.018,34.3181,15,101
908,-118.35,38.45,20,178
909,-118.35,39.45,29,178
910,-118.183,39.6667,227,178
911,-118.867,40.0,33,178
912,-118.867,39.9333,33,178
913,-119.867,39.9333,33,178
914,-119.267,39.45,15,178
915,-118.25,39.6333,29,178
916,-118.583,39.1333,156,178
917,-118.867,39.9417,20,178
918,-119.275,39.45,15,178
919,-119.633,39.1417,104,178
920,-122.904,40.55,156,178
921,-122.908,40.5333,156,178
922,-159.738,60.8336,33,18106
923,-119.067,39.2067,156,178
924,-119.05,39.4167,15,178
925,-118.26,39.6483,20,178
926,-117.917,38.75,15,178
927,-111.497,32.4436,104,101
928,-111.5,32.4469,104,101
929,-111.586,31.7336,33,101
930,-111.551,31.8428,33,101
931,-111.553,31.8408,104,101
932,-113.541,37.645,15,178
933,-118.295,39.6789,156,178
934,-118.168,39.2264,20,178
935,-118.168,39.2431,20,178
936,-118.167,39.2528,20,178
937,-117.967,38.75,33,178
938,-117.967,38.75,15,178
939,-159.583,60.3989,104,18106
940,-159.776,61.1003,104,18106
941,-159.286,60.6233,104,18106
942,-159.15200000000004,60.5669,104,18106
943,-159.738,60.8339,104,18106
944,-159.012,59.9139,104,18108
945,-105.133,38.7167,29,101
946,-105.133,39.7333,29,101
947,-105.133,38.7333,29,101
948,-114.408,43.5017,104,154
949,-114.408,43.5019,104,154
950,-114.589,43.5367,104,154
951,-114.158,43.3006,104,154
952,-114.912,43.8344,104,154
953,-119.484,39.8353,33,178
954,-119.278,39.9394,33,178
955,-110.5,30.6667,136,101
956,-123.231,40.9556,156,178
957,-112.017,45.8917,73,101
958,-116.592,42.3975,15,173
959,-116.437,43.9317,15,173
960,-115.809,43.8181,15,154
961,-106.57,37.4169,33,101
962,-108.0,38.0,227,101
963,-118.689,41.9444,156,178
964,-108.883,28.7,73,101
965,-106.599,37.4292,33,101
966,-119.416,42.2575,15,173
967,-119.307,42.1903,15,173
968,-114.809,33.0258,156,101
969,-114.81,33.0258,156,101
970,-114.813,33.0258,156,101
971,-114.812,33.0258,156,101
972,-114.812,33.0264,156,101
973,-114.813,33.0264,156,101
974,-114.811,33.0267,156,101
975,-114.812,33.0267,156,101
976,-114.813,33.0267,156,101
977,-114.81,33.0272,156,101
978,-114.811,33.0272,156,101
979,-114.812,33.0272,156,101
980,-114.813,33.0272,156,101
981,-114.81,33.0278,156,101
982,-114.811,33.0278,156,101
983,-118.863,41.8056,33,178
984,-118.714,41.9289,33,178
985,-118.714,41.9278,33,178
986,-118.562,41.55,156,178
987,-118.634,41.5889,156,178
988,-119.128,41.2917,156,178
989,-119.128,41.2917,33,178
990,-118.738,48.6639,33,154
991,-118.553,48.9708,125,16107
992,-118.552,48.975,125,16107
993,-118.752,48.7047,33,16107
994,-118.751,48.6964,33,16107
995,-118.508,48.9708,156,16107
996,-118.553,48.7069,125,16107
997,-118.888,39.7989,175,178
998,-118.195,39.105,156,178
999,-118.201,39.2247,15,178
1000,-159.793,61.2233,104,18106
1001,-159.796,61.2242,104,18106
1002,-159.428,60.5711,104,18106
1003,-159.119,60.7497,104,18106
1004,-118.1,38.1667,125,178
1005,-159.934,60.1528,104,18105
1006,-159.279,60.3786,104,18106
1007,-159.305,60.3497,104,18106
1008,-159.386,60.3686,104,18106
1009,-118.883,39.9417,33,178
1010,-159.401,60.2597,104,18108
1011,-159.003,61.0292,104,18106
1012,-110.5,44.5,15,101
1013,-134.167,58.2078,227,16124
1014,-133.83700000000002,57.9592,227,16124
1015,-119.399,39.6925,33,178
1016,-119.317,39.0444,33,178
1017,-119.388,39.6822,33,178
1018,-118.05,41.3333,33,178
1019,-118.689,41.8639,125,178
1020,-118.691,41.8133,156,178
1021,-118.661,41.7222,156,178
1022,-118.661,41.7222,125,178
1023,-118.665,41.7283,156,178
1024,-118.667,41.7436,156,178
1025,-118.668,41.745,156,178
1026,-118.669,41.8056,125,178
1027,-118.669,41.8056,156,178
1028,-118.669,41.975,156,178
1029,-118.467,41.4194,125,178
1030,-118.6,48.9917,136,16107
1031,-118.6,48.9917,156,16107
1032,-118.625,48.875,136,16107
1033,-118.625,48.875,156,16107
1034,-120.587,39.6117,156,178
1035,-118.0,41.3,33,178
1036,-112.474,43.2611,1,178
1037,-118.027,44.6039,227,173
1038,-118.1,44.6247,227,173
1039,-118.024,44.5747,33,173
1040,-118.032,44.5756,33,173
1041,-118.017,44.5714,33,173
1042,-118.035,44.6017,227,173
1043,-118.083,44.5167,33,173
1044,-118.034,44.5178,33,173
1045,-118.079,44.5492,33,173
1046,-118.076,44.5203,33,173
1047,-118.073,44.5203,33,173
1048,-118.08,44.5494,227,173
1049,-118.08,44.5342,227,173
1050,-118.081,44.5358,227,173
1051,-118.084,44.5317,227,173
1052,-118.088,44.5194,227,173
1053,-118.088,44.5192,33,173
1054,-118.088,44.5197,227,173
1055,-118.07,44.5169,33,173
1056,-118.051,44.5119,33,173
1057,-118.056,44.5131,33,173
1058,-118.056,44.515,227,173
1059,-118.06,44.5158,227,173
1060,-118.059,44.5197,227,173
1061,-118.106,44.5247,227,173
1062,-118.101,44.5289,33,173
1063,-118.101,44.5283,33,173
1064,-118.098,44.5314,227,173
1065,-118.099,44.5344,227,173
1066,-118.103,44.5336,227,173
1067,-118.105,44.5369,227,173
1068,-118.107,44.5361,227,173
1069,-118.11,44.5339,227,173
1070,-118.114,44.5347,227,173
1071,-118.113,44.5439,33,173
1072,-118.103,44.5461,33,173
1073,-118.085,44.5539,33,173
1074,-118.073,44.5314,227,173
1075,-118.076,44.5303,227,173
1076,-118.069,44.5197,227,173
1077,-118.073,44.5169,33,173
1078,-118.065,44.5247,227,173
1079,-118.016,44.6017,227,173
1080,-114.534,37.6881,15,178
1081,-114.522,37.6972,15,178
1082,-114.531,37.695,15,178
1083,-114.792,37.5172,15,178
1084,-114.782,37.5247,15,178
1085,-107.525,32.95,156,101
1086,-107.525,32.95,125,101
1087,-109.283,31.8833,33,101
1088,-109.433,31.8833,33,101
1089,-109.417,31.9333,33,101
1090,-115.024,43.9394,33,154
1091,-116.011,43.9431,33,173
1092,-115.922,43.5089,33,173
1093,-115.116,43.7822,33,154
1094,-115.906,43.5061,33,173
1095,-120.686,37.9889,156,176
1096,-120.698,38.0039,156,176
1097,-120.677,37.9867,156,176
1098,-120.688,37.9956,156,176
1099,-109.417,31.9,33,101
1100,-109.417,31.9167,33,101
1101,-107.753,40.7667,33,101
1102,-116.125,45.375,104,154
1103,-116.125,45.25,104,154
1104,-114.633,37.5125,4,178
1105,-114.634,37.5122,4,178
1106,-114.634,37.5125,4,178
1107,-115.0,39.2583,60,178
1108,-134.38299999999998,58.2667,104,16124
1109,-134.35,58.3078,104,16124
1110,-115.093,35.2883,1,101
1111,-115.093,35.2883,15,101
1112,-114.718,43.4278,15,154
1113,-114.634,43.4003,15,154
1114,-114.633,43.4019,15,154
1115,-114.631,43.4017,15,154
1116,-114.634,43.3997,15,154
1117,-116.883,36.9,15,178
1118,-119.213,38.0542,156,178
1119,-120.871,41.0,15,178
1120,-118.378,38.7792,29,178
1121,-118.401,38.7861,29,178
1122,-118.406,38.7875,29,178
1123,-118.404,38.7869,29,178
1124,-118.125,38.5833,175,178
1125,-118.125,38.5833,106,178
1126,-115.656,45.2064,104,154
1127,-115.668,45.045,104,154
1128,-115.456,45.0564,104,154
1129,-115.455,45.0625,104,154
1130,-115.458,45.0547,104,154
1131,-115.449,45.0672,104,154
1132,-115.42,45.0769,89,154
1133,-115.419,45.0522,89,154
1134,-115.404,45.1,89,154
1135,-115.103,35.2811,15,101
1136,-105.134,38.7389,33,101
1137,-105.132,38.7389,33,101
1138,-105.118,38.7269,33,101
1139,-105.141,38.7403,33,101
1140,-110.734,31.5089,33,101
1141,-110.74,31.5083,33,101
1142,-110.747,31.5106,104,101
1143,-110.733,31.5086,33,101
1144,-110.746,31.5108,104,101
1145,-110.741,31.5094,33,101
1146,-110.715,31.505,33,101
1147,-110.729,31.5061,33,101
1148,-110.729,31.5075,33,101
1149,-110.738,31.5089,33,101
1150,-110.726,31.5044,33,101
1151,-110.732,31.5083,33,101
1152,-110.748,31.5103,104,101
1153,-110.723,31.5047,33,101
1154,-110.742,31.51,33,101
1155,-110.749,31.5103,104,101
1156,-110.73,31.5083,33,101
1157,-110.741,31.5092,33,101
1158,-110.736,31.5089,33,101
1159,-110.719,31.5047,33,101
1160,-110.745,31.5111,33,101
1161,-110.731,31.5086,33,101
1162,-110.732,31.5086,33,101
1163,-110.729,31.5081,33,101
1164,-110.745,31.5114,33,101
1165,-110.743,31.5106,33,101
1166,-110.743,31.5108,33,101
1167,-110.743,31.5103,33,101
1168,-110.721,31.5044,33,101
1169,-110.738,31.5092,33,101
1170,-110.729,31.5067,33,101
1171,-110.729,31.5056,33,101
1172,-110.735,31.5089,33,101
1173,-110.728,31.5042,33,101
1174,-110.729,31.5047,33,101
1175,-110.719,31.5044,33,101
1176,-114.86,37.1781,15,178
1177,-114.642,37.2083,15,178
1178,-114.757,37.375,15,178
1179,-122.238,46.1778,1,173
1180,-122.233,46.1375,1,173
1181,-122.117,46.2583,1,173
1182,-114.76,37.5925,15,178
1183,-114.79,37.5275,15,178
1184,-114.791,37.5319,15,178
1185,-114.785,37.5406,15,178
1186,-114.782,37.5239,15,178
1187,-114.779,37.5214,15,178
1188,-114.785,37.52,15,178
1189,-114.775,37.5172,15,178
1190,-114.787,37.5122,15,178
1191,-114.788,37.5147,15,178
1192,-114.787,37.515,15,178
1193,-114.762,37.5131,15,178
1194,-114.782,37.4922,15,178
1195,-114.759,37.5008,15,178
1196,-114.783,37.4933,15,178
1197,-114.798,37.4978,15,178
1198,-114.787,37.5092,15,178
1199,-119.883,38.3,15,178
1200,-113.774,44.1911,141,154
1201,-118.136,38.5894,227,178
1202,-118.134,38.5894,227,178
1203,-110.0,31.625,104,101
1204,-111.517,30.1117,33,101
1205,-111.483,30.1833,33,101
1206,-109.792,29.825,33,101
1207,-110.292,30.1883,33,101
1208,-111.092,27.97,33,104
1209,-109.808,29.8833,33,101
1210,-110.697,32.5278,73,101
1211,-110.698,32.5267,104,101
1212,-110.697,32.5275,104,101
1213,-108.825,33.1606,15,101
1214,-114.331,37.6406,15,178
1215,-114.316,37.6361,15,178
1216,-114.317,37.6364,15,178
1217,-114.767,37.4633,15,178
1218,-114.768,37.4633,15,178
1219,-114.768,37.46,15,178
1220,-114.698,37.6322,15,178
1221,-114.675,37.6256,15,178
1222,-114.709,37.4664,15,178
1223,-114.706,37.4683,15,178
1224,-114.729,37.5033,15,178
1225,-114.744,37.5022,15,178
1226,-114.289,37.6794,15,178
1227,-114.661,37.7372,15,178
1228,-114.219,37.6631,15,178
1229,-114.194,37.7028,15,178
1230,-112.111,35.4642,32,101
1231,-112.501,35.3478,32,101
1232,-105.039,37.2375,30,101
1233,-104.826,37.2044,30,101
1234,-104.776,37.5,30,101
1235,-104.826,37.7575,30,101
1236,-104.931,37.2636,30,101
1237,-104.955,37.3875,30,101
1238,-104.617,37.3058,30,101
1239,-104.517,37.4244,30,101
1240,-105.015,37.7111,30,101
1241,-104.734,37.38,30,101
1242,-104.332,37.7917,30,101
1243,-104.45,37.6958,30,101
1244,-105.054,37.3439,30,101
1245,-105.031,37.3408,30,101
1246,-105.079,37.3686,30,101
1247,-105.043,37.4697,30,101
1248,-105.158,37.6092,30,101
1249,-105.196,37.6908,30,101
1250,-104.863,37.3894,30,101
1251,-104.616,37.3439,30,101
1252,-118.915,38.3,33,178
1253,-118.882,38.2861,33,178
1254,-119.194,38.0528,156,178
1255,-119.189,38.05,156,178
1256,-119.19,38.0472,156,178
1257,-119.192,38.0486,156,178
1258,-119.194,38.0508,156,178
1259,-119.032,38.3625,156,178
1260,-119.026,38.3597,156,178
1261,-110.382,32.5725,29,101
1262,-110.337,32.5764,29,101
1263,-110.344,32.5925,29,101
1264,-110.343,32.5928,29,101
1265,-110.344,32.5928,29,101
1266,-110.343,32.6092,29,101
1267,-110.343,32.61,29,101
1268,-110.342,32.6086,29,101
1269,-132.58700000000002,55.6317,104,16111
1270,-153.149,61.835,73,18106
1271,-153.84,61.8758,175,18104
1272,-153.048,61.5108,73,18106
1273,-153.609,61.6633,175,18106
1274,-153.904,61.9764,104,18104
1275,-153.128,61.6344,73,18106
1276,-108.017,37.4278,33,101
1277,-109.922,45.5889,104,101
1278,-109.918,45.5919,104,101
1279,-156.59,61.9144,104,18106
1280,-157.17600000000004,61.6836,104,18106
1281,-157.175,61.6828,104,18106
1282,-156.592,61.9175,104,18106
1283,-157.18200000000004,61.6889,104,18106
1284,-157.183,61.6931,104,18106
1285,-157.183,61.695,104,18106
1286,-157.181,61.6883,104,18106
1287,-157.18200000000004,61.6961,104,18106
1288,-157.362,61.7642,104,18106
1289,-157.175,61.6833,104,18106
1290,-156.592,61.9181,104,18106
1291,-157.359,61.7639,104,18106
1292,-156.592,61.9194,104,18106
1293,-156.588,61.9142,104,18106
1294,-157.18200000000004,61.69,104,18106
1295,-156.967,61.8197,104,18106
1296,-157.327,61.7464,104,18106
1297,-157.311,61.7392,104,18106
1298,-157.315,61.7594,104,18106
1299,-156.967,61.8206,104,18106
1300,-157.327,61.7472,104,18106
1301,-157.328,61.7456,104,18106
1302,-157.309,61.7394,104,18106
1303,-157.313,61.7397,104,18106
1304,-156.965,61.8194,104,18106
1305,-156.971,61.8236,104,18106
1306,-156.968,61.8225,104,18106
1307,-156.968,61.8217,104,18106
1308,-158.18,61.0661,104,18106
1309,-157.334,61.8189,104,18106
1310,-157.329,61.8161,104,18106
1311,-158.17700000000005,61.0656,104,18106
1312,-157.325,61.8161,104,18106
1313,-158.173,61.0658,104,18106
1314,-158.196,61.0561,104,18106
1315,-158.171,61.0658,104,18106
1316,-115.75,46.5,104,154
1317,-109.72,48.1661,44,101
1318,-109.705,48.1694,44,101
1319,-109.696,48.1661,44,101
1320,-109.697,48.1661,44,101
1321,-109.4,31.7417,33,101
1322,-109.4,31.7333,33,101
1323,-109.425,31.725,33,101
1324,-109.408,31.725,33,101
1325,-121.575,41.61,1,178
1326,-109.713,48.17,44,101
1327,-109.708,48.1722,44,101
1328,-109.701,48.1669,44,101
1329,-109.702,48.1675,44,101
1330,-109.7,48.1583,44,101
1331,-109.716,48.1767,44,101
1332,-109.706,48.1706,44,101
1333,-109.706,48.17,44,101
1334,-116.851,38.6897,33,178
1335,-116.839,38.6958,33,178
1336,-116.823,38.6931,33,178
1337,-116.821,38.6942,33,178
1338,-116.876,38.6478,33,178
1339,-114.25,34.5,13,101
1340,-113.5,34.25,13,101
1341,-114.867,36.0,13,178
1342,-122.699,38.9511,156,176
1343,-122.697,38.9519,156,176
1344,-148.0,62.0833,104,16112
1345,-109.729,48.1531,44,101
1346,-109.731,48.1478,44,101
1347,-109.731,48.1483,44,101
1348,-109.719,48.1486,44,101
1349,-109.689,48.1714,44,101
1350,-109.69,48.1714,44,101
1351,-109.69,48.1719,44,101
1352,-109.691,48.1717,44,101
1353,-109.691,48.1767,44,101
1354,-109.682,48.1864,44,101
1355,-109.672,48.1872,44,101
1356,-109.668,48.1889,44,101
1357,-109.668,48.1914,44,101
1358,-109.666,48.1906,44,101
1359,-109.663,48.1917,44,101
1360,-109.7,48.2103,44,101
1361,-109.703,48.2047,44,101
1362,-109.703,48.2047,104,101
1363,-109.736,48.1669,44,101
1364,-109.702,48.1669,44,101
1365,-122.887,46.1192,44,173
1366,-122.706,46.6606,44,173
1367,-120.633,47.7161,44,173
1368,-122.029,47.0431,44,173
1369,-121.994,47.0397,44,173
1370,-116.0,45.0,33,154
1371,-116.0,45.0,60,154
1372,-116.0,45.0,104,154
1373,-115.333,45.1,104,154
1374,-114.771,37.3375,15,178
1375,-114.919,37.6372,29,178
1376,-114.914,37.6517,29,178
1377,-114.768,37.4642,15,178
1378,-114.766,37.4611,15,178
1379,-108.608,33.5811,18,101
1380,-118.716,39.0917,15,178
1381,-163.375,54.8481,33,16112
1382,-163.375,54.8472,33,16112
1383,-163.374,54.8469,33,16112
1384,-163.374,54.8467,33,16112
1385,-163.374,54.8461,33,16112
1386,-118.708,39.075,15,178
1387,-118.717,39.0833,15,178
1388,-118.683,39.0667,15,178
1389,-118.701,39.1,15,178
1390,-118.581,39.1625,15,178
1391,-153.099,61.4486,73,18106
1392,-153.379,61.5214,73,18106
1393,-153.425,61.4625,73,18106
1394,-153.717,61.2014,73,18106
1395,-154.208,61.6514,73,18104
1396,-109.724,48.17,33,101
1397,-109.721,48.1692,33,101
1398,-109.718,48.1686,33,101
1399,-109.716,48.1678,33,101
1400,-109.712,48.1658,33,101
1401,-109.711,48.1644,33,101
1402,-109.712,48.1631,33,101
1403,-109.714,48.1564,33,101
1404,-109.717,48.1578,33,101
1405,-109.777,48.1453,33,101
1406,-109.78,48.1458,33,101
1407,-109.773,48.1514,33,101
1408,-109.719,48.185,33,101
1409,-109.723,48.1883,33,101
1410,-109.726,48.1894,104,101
1411,-109.729,48.1894,104,101
1412,-109.73,48.1864,104,101
1413,-109.742,48.1778,104,101
1414,-109.744,48.175,33,101
1415,-109.748,48.1728,33,101
1416,-109.764,48.1536,33,101
1417,-109.766,48.1558,33,101
1418,-109.763,48.1619,104,101
1419,-109.728,48.1672,33,101
1420,-109.794,48.2056,104,101
1421,-109.793,48.2061,104,101
1422,-109.79,48.1972,44,101
1423,-109.782,48.1933,44,101
1424,-109.772,48.1525,44,101
1425,-109.762,48.1475,44,101
1426,-109.757,48.1486,44,101
1427,-109.759,48.1517,44,101
1428,-109.762,48.1542,44,101
1429,-109.764,48.1536,44,101
1430,-109.76,48.1606,44,101
1431,-109.708,48.1417,33,101
1432,-109.717,48.1417,33,101
1433,-109.692,48.1833,33,101
1434,-109.708,48.1833,33,101
1435,-109.708,48.1667,33,101
1436,-109.659,48.1928,44,101
1437,-109.66,48.1928,44,101
1438,-109.661,48.1925,44,101
1439,-114.548,37.5814,15,178
1440,-114.595,37.5281,15,178
1441,-114.534,37.6017,15,178
1442,-115.04,37.8369,15,178
1443,-114.415,37.6128,15,178
1444,-114.439,37.5961,15,178
1445,-114.39,37.5839,15,178
1446,-114.533,37.5883,15,178
1447,-116.861,38.6014,33,178
1448,-116.869,38.6067,33,178
1449,-109.747,48.1472,44,101
1450,-109.748,48.1464,156,101
1451,-109.755,48.1558,44,101
1452,-109.756,48.1853,44,101
1453,-109.764,48.1886,44,101
1454,-109.772,48.1806,44,101
1455,-109.799,48.1817,44,101
1456,-109.785,48.1869,44,101
1457,-109.727,48.1897,156,101
1458,-109.694,48.1628,44,101
1459,-109.695,48.1594,44,101
1460,-109.717,48.1667,44,101
1461,-152.833,62.2,104,18106
1462,-116.238,45.14,156,173
1463,-123.027,46.4292,44,173
1464,-117.827,43.4722,33,173
1465,-117.934,44.4542,33,173
1466,-117.956,44.4489,33,173
1467,-118.04,44.4222,227,173
1468,-121.702,45.4089,1,173
1469,-114.728,37.48,15,178
1470,-114.715,37.4769,15,178
1471,-114.712,37.4756,15,178
1472,-114.696,37.4689,15,178
1473,-114.769,37.4358,15,178
1474,-114.609,37.4878,15,178
1475,-114.696,37.4494,15,178
1476,-114.695,37.45,15,178
1477,-114.644,37.5119,15,178
1478,-114.645,37.5128,15,178
1479,-114.643,37.5136,15,178
1480,-114.646,37.5131,15,178
1481,-114.645,37.5142,15,178
1482,-114.642,37.5156,15,178
1483,-114.5,37.5142,15,178
1484,-114.626,37.5122,15,178
1485,-114.629,37.5133,15,178
1486,-114.641,37.5111,15,178
1487,-114.626,37.5119,15,178
1488,-114.626,37.5114,15,178
1489,-114.624,37.5125,15,178
1490,-114.623,37.5128,15,178
1491,-114.639,37.515,15,178
1492,-114.713,37.4414,15,178
1493,-114.674,37.4706,15,178
1494,-114.691,37.5017,15,178
1495,-114.606,37.4822,15,178
1496,-114.675,37.5083,15,178
1497,-151.10399999999996,59.6722,33,16121
1498,-150.621,59.5233,33,16121
1499,-150.582,59.5669,33,16121
1500,-150.965,59.5489,33,16121
1501,-150.591,59.5525,33,16121
1502,-151.884,59.4181,104,16112
1503,-150.67600000000004,59.6219,33,16121
1504,-150.378,59.9708,104,16121
1505,-150.24200000000005,59.7556,104,16121
1506,-150.19799999999995,59.7567,104,16121
1507,-150.974,59.2561,104,16121
1508,-150.209,59.7342,104,16121
1509,-150.579,59.4869,104,16121
1510,-150.57399999999996,59.5767,104,16121
1511,-150.756,59.7125,104,16121
1512,-150.52100000000004,59.7822,104,16121
1513,-151.11,59.6067,156,16121
1514,-150.648,59.7386,33,16121
1515,-150.024,59.7581,33,16121
1516,-151.054,59.5561,33,16121
1517,-151.916,59.2314,175,16121
1518,-108.65,31.6667,33,101
1519,-117.483,40.8,44,178
1520,-117.483,46.8,44,154
1521,-121.317,37.2958,136,176
1522,-122.794,43.5653,33,173
1523,-122.794,43.5644,33,173
1524,-122.806,43.5597,33,173
1525,-122.789,43.5617,33,173
1526,-122.786,43.5678,33,173
1527,-122.789,43.5672,33,173
1528,-144.342,62.175,1,16110
1529,-144.36700000000005,62.245,1,16110
1530,-144.207,62.1583,1,16110
1531,-115.375,44.9583,104,154
1532,-112.117,33.9642,20,101
1533,-113.542,34.1594,136,101
1534,-116.906,48.98,104,154
1535,-116.633,48.9989,104,154
1536,-116.74,35.2342,175,101
1537,-116.72,35.2119,175,101
1538,-116.72,35.2319,175,101
1539,-111.382,46.6444,104,101
1540,-111.217,46.4222,104,101
1541,-111.229,46.4092,104,101
1542,-107.938,31.7911,33,101
1543,-108.492,31.8381,104,101
1544,-107.674,32.3667,33,101
1545,-114.915,34.3106,104,101
1546,-121.242,41.9806,12,178
1547,-121.129,41.9472,12,178
1548,-121.301,41.8944,12,178
1549,-121.284,41.8653,12,178
1550,-121.024,41.8333,12,178
1551,-121.186,41.7736,12,178
1552,-121.25,41.8389,12,178
1553,-114.658,37.4633,15,178
1554,-114.645,37.4422,15,178
1555,-114.542,37.5008,15,178
1556,-114.567,37.4761,15,178
1557,-117.545,48.2136,89,154
1558,-117.153,48.5339,104,154
1559,-116.375,40.975,156,178
1560,-116.375,40.975,125,178
1561,-116.375,40.975,227,178
1562,-133.2,56.6833,156,16111
1563,-111.237,44.6161,33,101
1564,-111.216,45.4428,73,101
1565,-121.548,41.6922,1,178
1566,-121.501,41.5703,1,178
1567,-121.511,41.3786,1,178
1568,-121.471,41.4628,1,178
1569,-121.301,41.5106,1,178
1570,-121.206,41.6356,1,178
1571,-121.174,41.5694,1,178
1572,-121.185,41.6958,1,178
1573,-121.113,41.7311,1,178
1574,-120.991,41.5728,1,178
1575,-121.046,41.6914,1,178
1576,-121.045,41.5353,1,178
1577,-121.275,41.805,1,178
1578,-118.79,40.4297,33,178
1579,-118.794,40.4289,33,178
1580,-118.799,40.4444,33,178
1581,-118.794,40.4461,33,178
1582,-118.786,40.4578,33,178
1583,-118.746,40.5506,33,178
1584,-118.772,40.5528,33,178
1585,-118.743,40.5508,33,178
1586,-118.66,40.8106,33,178
1587,-118.658,40.8103,33,178
1588,-118.216,40.5706,33,178
1589,-118.219,40.5756,33,178
1590,-118.219,40.5761,33,178
1591,-118.214,40.5572,33,178
1592,-118.233,40.5694,33,178
1593,-118.226,40.5856,33,178
1594,-118.227,40.5828,33,178
1595,-118.227,40.58,33,178
1596,-118.227,40.5789,33,178
1597,-118.226,40.5778,33,178
1598,-117.919,40.9828,33,178
1599,-117.919,40.9825,33,178
1600,-117.909,40.9756,33,178
1601,-117.908,40.9767,33,178
1602,-117.923,40.9789,33,178
1603,-117.922,40.9828,33,178
1604,-117.924,40.9822,33,178
1605,-117.912,40.9769,33,178
1606,-118.019,41.0683,33,178
1607,-118.623,40.7406,33,178
1608,-118.623,40.7411,33,178
1609,-118.561,40.3972,33,178
1610,-117.999,41.3019,33,178
1611,-117.959,41.2856,33,178
1612,-117.944,41.2917,33,178
1613,-118.225,40.4989,33,178
1614,-118.226,40.4983,33,178
1615,-118.228,40.5056,33,178
1616,-118.778,40.4522,33,178
1617,-117.357,43.6692,1,173
1618,-117.356,43.6692,1,173
1619,-117.646,43.8964,1,173
1620,-117.732,43.7836,1,173
1621,-117.757,43.7672,1,173
1622,-117.789,44.4806,175,173
1623,-117.764,44.4506,33,173
1624,-117.853,44.3947,33,173
1625,-117.755,44.4222,33,173
1626,-117.758,44.4131,33,173
1627,-117.807,44.4336,175,173
1628,-117.824,44.4778,175,173
1629,-117.802,44.4658,175,173
1630,-117.8,44.4775,175,173
1631,-117.797,44.4706,175,173
1632,-117.817,44.4581,175,173
1633,-117.786,44.4514,33,173
1634,-117.789,44.48,175,173
1635,-117.811,44.4833,175,173
1636,-117.761,44.4219,33,173
1637,-117.772,44.4303,175,173
1638,-117.767,44.4261,33,173
1639,-118.059,44.4242,33,173
1640,-118.059,44.4167,156,173
1641,-117.789,44.3756,33,173
1642,-117.803,44.3767,156,173
1643,-117.803,44.3767,175,173
1644,-117.809,44.3772,33,173
1645,-117.807,44.3778,33,173
1646,-117.797,44.3772,33,173
1647,-117.817,44.3403,33,173
1648,-117.819,44.3725,156,173
1649,-117.817,44.3728,156,173
1650,-117.817,44.3725,156,173
1651,-117.818,44.3697,156,173
1652,-117.819,44.3689,156,173
1653,-117.768,44.3597,175,173
1654,-117.772,44.3694,33,173
1655,-117.797,44.3706,175,173
1656,-117.804,44.3694,175,173
1657,-117.865,44.2964,175,173
1658,-118.079,44.4147,33,173
1659,-118.008,44.3828,33,173
1660,-118.026,44.3903,33,173
1661,-117.824,44.3728,175,173
1662,-117.754,44.2986,175,173
1663,-117.756,44.3061,175,173
1664,-117.752,44.3056,175,173
1665,-117.753,44.3036,175,173
1666,-117.75,44.3072,175,173
1667,-117.815,44.3103,33,173
1668,-117.85,44.3172,175,173
1669,-117.85,44.3178,33,173
1670,-117.779,44.3192,175,173
1671,-117.762,44.3717,175,173
1672,-117.805,44.3711,175,173
1673,-117.801,44.3747,33,173
1674,-117.815,44.3711,175,173
1675,-117.804,44.3742,175,173
1676,-117.818,44.3689,175,173
1677,-117.824,44.3722,33,173
1678,-121.653,45.4144,1,173
1679,-117.797,44.3694,156,173
1680,-117.796,44.3728,33,173
1681,-117.815,44.3108,33,173
1682,-117.82,44.3042,33,173
1683,-117.818,44.3686,33,173
1684,-117.793,44.3686,33,173
1685,-117.798,44.3708,156,173
1686,-118.021,44.4378,156,173
1687,-117.776,44.3911,33,173
1688,-117.805,44.4472,33,173
1689,-120.848,41.8389,12,178
1690,-120.625,47.3333,44,173
1691,-107.77,37.875,29,101
1692,-107.729,37.9717,29,101
1693,-150.947,59.6736,33,16121
1694,-151.118,59.6692,33,16121
1695,-150.411,59.7742,33,16121
1696,-149.32,59.9383,156,16121
1697,-111.33,34.5714,33,101
1698,-111.623,35.3989,1,101
1699,-114.514,37.3678,15,178
1700,-114.476,37.4214,15,178
1701,-114.476,37.4211,15,178
1702,-114.474,37.4167,15,178
1703,-114.475,37.4131,15,178
1704,-114.476,37.4131,15,178
1705,-114.477,37.4117,15,178
1706,-114.473,37.4122,15,178
1707,-113.881,37.3844,15,178
1708,-114.501,37.4058,15,178
1709,-114.514,37.3692,15,178
1710,-114.509,37.4172,15,178
1711,-113.474,37.5094,15,178
1712,-113.386,37.5153,15,178
1713,-114.507,37.3825,15,178
1714,-151.144,59.2917,156,16121
1715,-150.558,59.9222,156,16121
1716,-150.534,59.9106,156,16121
1717,-151.101,59.6203,156,16121
1718,-150.858,59.3394,156,16121
1719,-150.703,59.4689,156,16121
1720,-150.74,59.4111,156,16121
1721,-150.67700000000005,59.4242,156,16121
1722,-150.71200000000005,59.505,156,16121
1723,-150.775,59.7139,156,16121
1724,-150.753,59.6889,156,16121
1725,-150.648,59.7383,156,16121
1726,-151.32399999999996,59.2956,156,16121
1727,-151.036,59.7314,156,16121
1728,-151.02100000000004,59.7189,156,16121
1729,-151.058,59.7231,156,16121
1730,-107.831,31.2361,104,101
1731,-116.57,35.2231,175,101
1732,-116.812,38.6958,20,178
1733,-116.817,38.6944,20,178
1734,-116.804,38.6922,20,178
1735,-116.821,38.6914,20,178
1736,-116.82,38.6908,20,178
1737,-116.818,38.6922,20,178
1738,-116.809,38.6967,20,178
1739,-121.298,41.7517,1,178
1740,-121.535,45.9958,1,173
1741,-121.458,46.2886,1,173
1742,-121.325,46.0172,1,173
1743,-122.117,46.35,15,173
1744,-110.448,45.9933,33,101
1745,-110.461,45.9867,33,101
1746,-110.53,46.1706,33,101
1747,-111.73,34.5742,32,101
1748,-111.751,35.5406,227,101
1749,-111.296,34.6125,227,101
1750,-114.609,40.3719,227,178
1751,-114.534,37.4486,15,178
1752,-109.754,48.3181,44,101
1753,-109.2,47.2167,44,101
1754,-121.711,46.795,1,173
1755,-121.735,46.8361,1,173
1756,-121.735,46.8147,1,173
1757,-121.754,46.8517,1,173
1758,-121.671,46.9089,1,173
1759,-118.804,41.5164,156,178
1760,-118.816,41.5225,156,178
1761,-118.562,41.5497,156,178
1762,-111.669,46.3106,104,101
1763,-111.677,46.3197,104,101
1764,-111.41,46.6314,104,101
1765,-121.274,41.8742,12,178
1766,-121.877,41.9444,12,178
1767,-121.723,41.7831,12,178
1768,-116.759,32.9511,104,101
1769,-116.524,32.8147,175,101
1770,-116.594,33.0986,175,101
1771,-106.117,39.3125,33,101
1772,-148.0,62.0833,33,16112
1773,-121.667,45.3428,1,173
1774,-118.875,38.25,156,178
1775,-112.347,34.2317,33,101
1776,-112.404,34.1669,33,101
1777,-112.404,34.1661,33,101
1778,-112.417,34.1531,33,101
1779,-112.377,34.1322,33,101
1780,-112.343,34.1778,33,101
1781,-112.343,34.1744,33,101
1782,-112.369,34.2078,33,101
1783,-112.599,34.5131,33,101
1784,-121.184,41.9772,12,178
1785,-120.827,41.0672,12,178
1786,-121.292,41.8394,15,178
1787,-121.891,41.8208,15,178
1788,-117.804,48.9128,44,154
1789,-121.576,40.2706,1,178
1790,-119.133,38.2833,15,178
1791,-119.229,38.0542,156,178
1792,-119.188,38.0458,156,178
1793,-119.022,38.2028,15,178
1794,-118.996,38.2194,15,178
1795,-118.994,38.2167,15,178
1796,-111.314,31.5242,136,101
1797,-111.309,31.5344,136,101
1798,-111.353,31.5286,136,101
1799,-111.275,31.5186,136,101
1800,-111.268,31.5106,136,101
1801,-111.259,31.5081,136,101
1802,-111.272,31.4972,136,101
1803,-111.28,31.5239,136,101
1804,-111.28,31.5231,136,101
1805,-111.344,31.5058,136,101
1806,-111.343,31.5047,136,101
1807,-111.362,31.5003,136,101
1808,-111.329,31.5017,136,101
1809,-111.343,31.5006,136,101
1810,-111.321,31.5053,136,101
1811,-111.342,31.5925,136,101
1812,-111.267,31.4931,136,101
1813,-111.268,31.4942,136,101
1814,-111.362,31.5761,136,101
1815,-111.339,31.5864,136,101
1816,-111.341,31.5875,136,101
1817,-111.348,31.5928,136,101
1818,-111.167,31.5972,136,101
1819,-111.335,31.5906,136,101
1820,-111.331,31.5892,136,101
1821,-111.352,31.5972,136,101
1822,-111.359,31.6,136,101
1823,-111.287,31.6158,136,101
1824,-111.291,31.6217,136,101
1825,-111.284,31.6233,136,101
1826,-111.294,31.6222,136,101
1827,-111.296,31.6247,136,101
1828,-111.298,31.6233,136,101
1829,-111.292,31.6278,136,101
1830,-111.291,31.6167,136,101
1831,-111.3,31.6231,136,101
1832,-111.322,31.6203,136,101
1833,-111.319,31.6183,136,101
1834,-111.342,31.5947,136,101
1835,-111.348,31.5953,136,101
1836,-111.36,31.6072,136,101
1837,-111.358,31.6053,136,101
1838,-111.359,31.6158,136,101
1839,-111.371,31.6233,136,101
1840,-111.371,31.6181,136,101
1841,-111.344,31.6158,136,101
1842,-111.341,31.6147,136,101
1843,-111.341,31.6144,136,101
1844,-111.328,31.6106,136,101
1845,-111.344,31.6194,136,101
1846,-111.335,31.6178,136,101
1847,-111.336,31.6017,136,101
1848,-111.335,31.5994,136,101
1849,-111.331,31.6039,136,101
1850,-111.337,31.6231,136,101
1851,-111.325,31.6206,136,101
1852,-111.323,31.6203,136,101
1853,-111.332,31.6144,136,101
1854,-111.321,31.6075,136,101
1855,-111.326,31.6056,136,101
1856,-111.33,31.5981,136,101
1857,-111.332,31.5936,136,101
1858,-111.366,31.6058,136,101
1859,-111.372,31.6108,136,101
1860,-111.743,46.3725,104,101
1861,-111.732,46.4264,104,154
1862,-111.732,46.3647,104,101
1863,-111.734,46.3622,104,101
1864,-111.741,46.3492,104,101
1865,-111.743,46.3461,104,101
1866,-111.698,46.3156,104,101
1867,-111.727,46.3878,104,101
1868,-111.721,46.3942,104,101
1869,-111.74,46.2514,104,101
1870,-111.833,46.3061,104,101
1871,-118.361,37.4667,1,178
1872,-118.172,44.2714,136,173
1873,-118.154,44.1969,175,173
1874,-156.39,64.3067,175,18103
1875,-122.5,45.8058,1,173
1876,-117.554,44.085,33,173
1877,-117.557,44.0908,33,173
1878,-117.586,44.0161,33,173
1879,-117.436,44.0375,33,173
1880,-117.458,44.0244,33,173
1881,-117.46,44.0253,33,173
1882,-117.46,44.0228,33,173
1883,-117.461,44.0417,33,173
1884,-117.458,44.0728,33,173
1885,-117.453,44.0725,33,173
1886,-117.452,44.0769,33,173
1887,-117.451,44.0767,33,173
1888,-117.453,44.0744,33,173
1889,-117.46,44.0794,33,173
1890,-117.477,44.0394,33,173
1891,-117.452,44.0081,33,173
1892,-117.45,44.0172,33,173
1893,-117.493,44.0728,33,173
1894,-117.493,44.0703,33,173
1895,-134.554,57.9644,227,16111
1896,-123.171,42.7367,156,173
1897,-123.752,42.2519,156,176
1898,-123.311,42.2561,156,176
1899,-123.298,42.2569,156,176
1900,-123.253,42.4953,156,173
1901,-123.012,42.5989,156,173
1902,-123.146,42.6503,156,173
1903,-123.755,42.0056,156,176
1904,-122.957,42.6008,156,173
1905,-123.435,42.7386,156,173
1906,-123.296,42.2608,156,176
1907,-123.151,42.6269,156,173
1908,-123.147,42.6831,156,173
1909,-123.151,42.6972,156,173
1910,-123.123,42.7486,156,173
1911,-123.338,42.2811,156,176
1912,-123.323,42.2864,156,176
1913,-123.795,42.4208,156,176
1914,-123.697,42.5522,156,173
1915,-123.675,42.5697,156,173
1916,-123.549,42.7169,156,173
1917,-123.546,42.73,156,173
1918,-123.381,42.8558,156,173
1919,-123.307,42.6533,156,173
1920,-123.393,42.6189,156,173
1921,-123.499,42.7472,156,173
1922,-123.527,42.7561,156,173
1923,-123.263,42.4956,156,173
1924,-123.316,42.7542,156,173
1925,-123.452,42.7578,156,173
1926,-123.468,42.9192,156,173
1927,-123.756,42.2972,156,176
1928,-123.467,42.5667,156,173
1929,-123.593,42.2989,156,176
1930,-123.309,42.2942,156,176
1931,-123.566,42.3528,156,176
1932,-123.569,42.3414,156,176
1933,-123.577,42.3322,156,176
1934,-122.993,42.3158,156,176
1935,-123.551,42.7722,156,173
1936,-123.219,42.5972,156,173
1937,-123.226,42.5997,156,173
1938,-123.174,42.7422,156,173
1939,-123.172,42.7369,156,173
1940,-123.69,42.2811,156,176
1941,-123.719,42.3069,156,176
1942,-123.71,42.3308,156,176
1943,-123.645,42.2286,156,176
1944,-122.915,42.0306,156,176
1945,-123.179,42.4411,156,176
1946,-122.85,42.1258,156,176
1947,-123.287,42.2589,156,176
1948,-123.279,42.2639,156,176
1949,-123.168,42.2219,156,176
1950,-123.847,42.4314,156,176
1951,-123.833,42.2761,156,176
1952,-123.141,42.0503,156,176
1953,-122.947,42.2206,156,176
1954,-122.551,42.1661,156,176
1955,-123.789,42.2894,156,176
1956,-122.987,42.3781,156,176
1957,-123.78,42.1269,156,176
1958,-123.581,42.4122,156,176
1959,-123.741,42.3558,156,176
1960,-123.333,42.2811,156,176
1961,-123.822,42.46,156,176
1962,-123.807,42.3253,156,176
1963,-123.791,42.0864,156,176
1964,-123.832,42.2778,156,176
1965,-123.829,42.2506,156,176
1966,-123.825,42.0883,156,176
1967,-123.761,42.0419,156,176
1968,-123.044,42.0939,156,176
1969,-122.84,42.1367,156,176
1970,-123.919,42.1903,156,176
1971,-123.749,42.345,156,176
1972,-122.693,42.6258,156,173
1973,-122.776,42.1172,156,176
1974,-123.843,42.2958,156,176
1975,-123.451,42.2361,156,176
1976,-123.73,42.4386,156,176
1977,-123.761,42.0411,156,176
1978,-123.808,42.01,156,176
1979,-123.73,42.4408,156,176
1980,-123.839,42.2103,156,176
1981,-123.758,42.1556,156,176
1982,-123.847,42.1464,156,176
1983,-123.821,42.4694,156,176
1984,-123.79,42.1611,156,176
1985,-122.751,42.2042,156,176
1986,-123.14,42.1419,156,176
1987,-122.746,42.1542,156,176
1988,-123.215,42.0789,156,176
1989,-123.136,42.2639,156,176
1990,-123.197,42.2439,156,176
1991,-123.113,42.2547,156,176
1992,-123.133,42.2642,156,176
1993,-123.875,42.1419,156,176
1994,-123.144,42.2669,156,176
1995,-123.287,42.2581,156,176
1996,-123.523,42.5083,156,173
1997,-122.197,46.3703,33,173
1998,-122.107,46.3533,33,173
1999,-122.094,46.3014,33,173
2000,-122.126,46.2881,33,173
2001,-117.632,38.5317,33,178
2002,-117.628,38.5311,33,178
2003,-117.631,38.5336,33,178
2004,-117.627,38.52,33,178
2005,-117.628,38.5203,227,178
2006,-117.633,38.5189,227,178
2007,-117.634,38.52,227,178
2008,-117.636,38.5211,227,178
2009,-117.642,38.5183,33,178
2010,-117.629,38.5292,33,178
2011,-117.644,38.5033,33,178
2012,-117.648,38.5008,33,178
2013,-117.677,38.4983,33,178
2014,-117.655,38.4939,33,178
2015,-117.582,38.4533,33,178
2016,-117.622,38.5156,156,178
2017,-117.618,38.5211,156,178
2018,-117.618,38.5114,33,178
2019,-116.849,38.3861,33,178
2020,-116.788,38.3231,33,178
2021,-116.889,38.4306,33,178
2022,-116.774,38.3311,33,178
2023,-117.543,38.2381,156,178
2024,-117.54,38.2361,156,178
2025,-119.701,38.6681,4,178
2026,-119.701,38.6681,33,178
2027,-116.642,38.5839,33,178
2028,-116.452,38.4933,33,178
2029,-116.48,38.1403,33,178
2030,-116.727,38.2786,33,178
2031,-116.279,38.665,33,178
2032,-117.881,38.9886,156,178
2033,-117.979,38.7906,156,178
2034,-117.982,38.7822,156,178
2035,-117.974,38.775,156,178
2036,-117.973,38.7678,33,178
2037,-117.976,38.7581,33,178
2038,-117.977,38.7539,33,178
2039,-117.982,38.7553,33,178
2040,-117.959,38.7453,33,178
2041,-117.877,38.7533,33,178
2042,-117.87,38.7506,33,178
2043,-117.876,38.7436,33,178
2044,-117.915,38.7442,33,178
2045,-117.98,38.7561,33,178
2046,-117.893,38.7517,33,178
2047,-117.864,38.7475,33,178
2048,-117.866,38.7469,33,178
2049,-117.969,38.7489,33,178
2050,-117.737,38.8847,227,178
2051,-117.716,38.2756,33,178
2052,-117.968,38.3203,156,178
2053,-117.689,38.1944,33,178
2054,-117.513,38.8633,156,178
2055,-117.811,38.5708,156,178
2056,-117.777,38.9589,15,178
2057,-117.808,38.7133,15,178
2058,-117.77,38.9661,15,178
2059,-117.77,38.9653,15,178
2060,-117.867,38.7283,33,178
2061,-117.873,38.7278,33,178
2062,-117.869,38.7258,33,178
2063,-119.454,41.1481,33,178
2064,-117.527,43.2081,15,173
2065,-108.781,33.4583,33,101
2066,-108.813,33.3736,33,101
2067,-105.513,39.7592,33,101
2068,-105.514,39.7586,33,101
2069,-105.514,39.7614,33,101
2070,-105.511,39.7664,33,101
2071,-105.522,39.77,33,101
2072,-105.536,39.7758,33,101
2073,-113.681,46.0294,33,154
2074,-108.942,33.2244,33,101
2075,-108.943,33.2242,33,101
2076,-113.509,46.4194,33,154
2077,-109.113,33.2467,33,101
2078,-108.975,33.2214,33,101
2079,-118.85,38.5864,156,178
2080,-109.504,32.1867,104,101
2081,-113.714,46.0753,33,154
2082,-113.772,46.0375,156,154
2083,-113.89,46.4308,156,154
2084,-113.895,46.315,156,154
2085,-112.14,46.3667,156,154
2086,-114.843,44.2975,29,154
2087,-109.231,33.1111,15,101
2088,-119.093,38.6469,33,178
2089,-114.677,44.3736,29,154
2090,-113.537,46.8181,156,154
2091,-113.536,47.0381,156,154
2092,-113.536,47.0581,156,154
2093,-119.058,38.2917,15,178
2094,-119.0,38.2167,15,178
2095,-113.15,46.3244,156,154
2096,-112.124,46.3861,156,154
2097,-113.244,46.1747,156,154
2098,-113.453,46.8053,156,154
2099,-112.349,46.7264,156,154
2100,-113.371,46.4478,156,154
2101,-113.407,46.4933,156,154
2102,-113.027,46.4531,156,154
2103,-113.432,46.0386,156,154
2104,-113.416,46.0667,156,154
2105,-113.066,46.3858,156,154
2106,-112.392,47.0044,156,154
2107,-112.571,46.3806,156,154
2108,-113.072,46.3478,156,154
2109,-112.175,46.3583,156,154
2110,-112.113,46.3861,156,154
2111,-117.244,37.9953,15,178
2112,-117.245,37.9953,15,178
2113,-117.246,37.9953,15,178
2114,-117.247,37.9953,15,178
2115,-117.244,37.9964,15,178
2116,-117.259,37.9956,15,178
2117,-117.266,37.9972,15,178
2118,-117.266,37.9931,15,178
2119,-117.265,37.9914,15,178
2120,-117.266,37.9936,15,178
2121,-117.264,37.9917,15,178
2122,-117.263,37.9911,15,178
2123,-117.263,37.9914,15,178
2124,-117.264,37.9925,15,178
2125,-117.264,37.9928,15,178
2126,-117.259,37.9886,15,178
2127,-117.26,37.99,15,178
2128,-117.259,37.9892,15,178
2129,-117.26,38.0028,15,178
2130,-117.245,37.9928,15,178
2131,-117.241,37.9933,15,178
2132,-117.24,37.9933,15,178
2133,-117.242,37.9933,15,178
2134,-117.243,37.9933,15,178
2135,-117.249,37.9988,15,178
2136,-117.248,37.9994,15,178
2137,-117.246,37.9983,15,178
2138,-117.245,38.0022,15,178
2139,-117.243,37.9964,15,178
2140,-117.242,37.9967,15,178
2141,-117.244,37.9978,15,178
2142,-117.243,37.9978,15,178
2143,-117.242,37.9986,15,178
2144,-117.244,37.9992,15,178
2145,-117.241,37.9992,15,178
2146,-117.241,37.9995,15,178
2147,-117.24,37.9992,15,178
2148,-117.24,37.9986,15,178
2149,-117.239,37.9986,15,178
2150,-117.239,37.9984,15,178
2151,-117.24,37.9994,15,178
2152,-117.243,37.9956,15,178
2153,-112.744,46.1089,33,154
2154,-112.717,46.0708,33,154
2155,-113.086,46.3911,33,154
2156,-113.081,46.4017,33,154
2157,-113.074,46.4183,33,154
2158,-113.067,46.4311,33,154
2159,-112.648,46.8383,33,154
2160,-112.228,46.1014,33,154
2161,-112.064,46.0931,33,154
2162,-112.064,46.1125,33,154
2163,-112.275,46.1686,33,154
2164,-112.246,46.4208,33,154
2165,-112.396,46.3278,33,154
2166,-112.681,46.8628,33,154
2167,-112.679,46.8547,33,154
2168,-112.668,46.8481,33,154
2169,-112.664,46.8439,33,154
2170,-116.407,38.3736,15,178
2171,-117.689,38.1944,15,178
2172,-117.707,38.2028,15,178
2173,-117.698,38.1919,15,178
2174,-117.699,38.1908,15,178
2175,-117.706,38.1836,15,178
2176,-117.704,38.1808,15,178
2177,-117.708,38.1692,15,178
2178,-117.685,38.1653,15,178
2179,-117.692,38.1803,15,178
2180,-117.689,38.1836,15,178
2181,-117.691,38.1878,15,178
2182,-116.405,38.365,33,178
2183,-116.253,38.6667,33,178
2184,-116.416,38.4917,33,178
2185,-116.253,38.6658,33,178
2186,-116.253,38.6656,33,178
2187,-116.264,38.665,33,178
2188,-117.602,38.4767,227,178
2189,-117.797,38.5094,227,178
2190,-117.795,38.5097,227,178
2191,-117.794,38.5097,227,178
2192,-117.793,38.5089,227,178
2193,-117.791,38.5086,227,178
2194,-117.837,38.5539,227,178
2195,-117.847,38.5636,33,178
2196,-117.859,38.5611,227,178
2197,-117.857,38.5583,227,178
2198,-117.856,38.5594,227,178
2199,-117.85,38.5564,33,178
2200,-117.815,38.5264,227,178
2201,-117.792,38.5089,227,178
2202,-117.83,38.6092,33,178
2203,-117.828,38.6081,33,178
2204,-117.831,38.6089,33,178
2205,-117.832,38.6092,33,178
2206,-117.83,38.6067,33,178
2207,-117.832,38.6083,33,178
2208,-117.831,38.6058,33,178
2209,-117.83,38.6056,33,178
2210,-117.831,38.6061,33,178
2211,-117.83,38.6161,33,178
2212,-117.788,38.5306,227,178
2213,-117.787,38.5306,227,178
2214,-116.951,38.5381,33,178
2215,-116.956,38.5375,33,178
2216,-116.957,38.5375,33,178
2217,-116.407,38.4981,33,178
2218,-116.408,38.4922,33,178
2219,-116.38,38.3589,33,178
2220,-115.15,35.05,33,101
2221,-111.858,35.05,33,101
2222,-115.15,35.0833,33,101
2223,-117.239,38.3306,33,178
2224,-117.242,38.3333,33,178
2225,-117.242,38.33,33,178
2226,-117.245,38.3272,33,178
2227,-116.438,38.5475,33,178
2228,-116.439,38.5475,33,178
2229,-117.772,38.9761,227,178
2230,-117.772,38.9767,227,178
2231,-117.773,38.9769,227,178
2232,-117.812,38.9294,227,178
2233,-117.801,38.9828,227,178
2234,-117.802,38.9839,227,178
2235,-117.802,38.9842,227,178
2236,-117.802,38.9844,227,178
2237,-117.802,38.9847,227,178
2238,-117.756,38.9911,227,178
2239,-117.747,38.9686,104,178
2240,-117.787,38.9658,227,178
2241,-117.789,38.9572,33,178
2242,-117.582,38.9172,227,178
2243,-117.524,38.8633,33,178
2244,-117.519,38.8653,33,178
2245,-117.588,38.8225,227,178
2246,-117.589,38.8281,227,178
2247,-117.589,38.8283,227,178
2248,-117.589,38.8256,227,178
2249,-117.953,38.7847,227,178
2250,-117.953,38.785,227,178
2251,-117.952,38.7844,227,178
2252,-117.952,38.7842,227,178
2253,-117.951,38.7839,227,178
2254,-117.951,38.7844,227,178
2255,-117.95,38.7836,227,178
2256,-117.95,38.7833,227,178
2257,-117.949,38.7831,227,178
2258,-117.949,38.7828,227,178
2259,-117.948,38.7825,227,178
2260,-117.947,38.7822,227,178
2261,-117.969,38.7494,33,178
2262,-117.969,38.7483,33,178
2263,-117.971,38.7483,33,178
2264,-117.969,38.75,33,178
2265,-117.97,38.75,33,178
2266,-117.971,38.7489,33,178
2267,-117.972,38.75,33,178
2268,-106.515,39.4278,33,101
2269,-106.54,39.5175,33,101
2270,-117.645,38.0792,33,178
2271,-117.643,38.0789,33,178
2272,-117.644,38.0797,33,178
2273,-117.644,38.0794,33,178
2274,-117.644,38.0792,33,178
2275,-117.645,38.0794,33,178
2276,-117.633,38.0753,227,178
2277,-116.479,38.1383,33,178
2278,-116.479,38.1386,33,178
2279,-116.48,38.1406,33,178
2280,-116.425,38.0508,33,178
2281,-116.44,38.0503,33,178
2282,-116.447,38.0536,33,178
2283,-116.424,38.0494,33,178
2284,-116.419,38.0489,33,178
2285,-117.219,38.1536,104,178
2286,-116.71,38.3792,33,178
2287,-116.883,38.0519,33,178
2288,-116.916,38.1264,33,178
2289,-116.911,38.1256,33,178
2290,-116.906,38.1242,33,178
2291,-116.905,38.1222,33,178
2292,-106.484,39.4139,33,101
2293,-104.583,30.125,104,101
2294,-106.133,35.35,29,101
2295,-106.142,35.35,29,101
2296,-106.133,35.375,29,101
2297,-107.469,38.0197,29,101
2298,-107.281,38.0042,29,101
2299,-124.25,40.75,104,176
2300,-107.46,37.9783,15,101
2301,-107.459,37.9786,15,101
2302,-107.39,37.9978,15,101
2303,-107.432,37.9817,15,101
2304,-107.432,37.9856,15,101
2305,-107.434,37.9925,15,101
2306,-107.971,37.3975,15,101
2307,-107.502,37.9228,15,101
2308,-107.524,37.9175,15,101
2309,-107.504,37.9281,15,101
2310,-117.052,38.7728,33,178
2311,-117.052,38.7731,33,178
2312,-117.052,38.7725,33,178
2313,-116.886,38.0583,33,178
2314,-117.757,38.105,33,178
2315,-117.739,38.13,33,178
2316,-117.737,38.14,33,178
2317,-117.743,38.1208,33,178
2318,-117.051,38.7719,33,178
2319,-117.049,38.7722,33,178
2320,-117.05,38.7722,33,178
2321,-117.049,38.7725,33,178
2322,-117.642,38.0783,33,178
2323,-117.642,38.0786,33,178
2324,-117.646,38.08,33,178
2325,-117.645,38.08,33,178
2326,-116.886,38.0722,33,178
2327,-116.884,38.0653,33,178
2328,-107.517,37.7839,29,101
2329,-115.219,43.5733,33,154
2330,-115.218,43.5222,33,154
2331,-115.467,43.5486,33,154
2332,-115.364,43.4972,33,154
2333,-115.226,43.53,33,154
2334,-115.163,43.5267,33,154
2335,-115.375,43.4428,33,154
2336,-114.997,43.735,44,154
2337,-114.82,43.41,44,154
2338,-114.883,43.4267,44,154
2339,-118.583,39.1667,104,178
2340,-118.213,39.6672,156,178
2341,-113.469,34.0072,104,101
2342,-113.465,34.0086,104,101
2343,-113.531,33.9733,104,101
2344,-113.443,34.0936,15,101
2345,-113.461,34.5758,15,178
2346,-113.554,33.9483,104,101
2347,-113.554,33.9464,104,101
2348,-113.327,34.0517,15,101
2349,-113.484,33.9889,104,101
2350,-160.583,55.2247,33,16112
2351,-160.58100000000005,55.225,33,16112
2352,-160.55700000000004,55.195,33,16112
2353,-133.063,56.5661,33,16111
2354,-133.066,56.5672,33,16111
2355,-132.067,56.5161,33,16124
2356,-132.02700000000002,56.4775,33,16124
2357,-134.42600000000002,58.2894,156,16111
2358,-135.079,58.8683,104,16124
2359,-135.079,58.8683,33,16124
2360,-154.055,61.4244,156,18106
2361,-154.268,61.5525,156,18104
2362,-154.257,61.5125,156,18104
2363,-153.957,61.7469,156,18104
2364,-153.969,61.7164,156,18104
2365,-153.96200000000005,61.5728,156,18104
2366,-154.07,61.6744,156,18104
2367,-154.083,61.6736,156,18104
2368,-154.094,61.645,156,18104
2369,-154.136,61.5175,33,18104
2370,-154.445,61.8794,156,18104
2371,-154.32299999999995,61.7786,156,18104
2372,-154.19899999999996,61.5511,33,18104
2373,-153.895,61.8506,33,18104
2374,-154.012,61.8642,156,18104
2375,-153.967,61.8011,156,18104
2376,-154.004,61.7269,33,18104
2377,-153.999,61.7283,156,18104
2378,-153.95,61.7114,33,18104
2379,-153.95,61.6936,33,18104
2380,-154.075,61.3853,33,18106
2381,-154.135,61.4628,33,18104
2382,-154.297,61.4056,156,18104
2383,-154.325,61.7864,156,18104
2384,-154.041,61.6836,156,18104
2385,-154.04,61.6828,156,18104
2386,-154.171,61.7531,156,18104
2387,-154.082,61.6442,156,18104
2388,-154.05,61.6083,156,18104
2389,-154.048,61.5378,156,18104
2390,-154.178,61.5019,156,18104
2391,-154.091,61.49,156,18104
2392,-160.578,55.2242,33,16112
2393,-160.579,55.2231,33,16112
2394,-160.582,55.2225,33,16112
2395,-160.583,55.2222,33,16112
2396,-160.58100000000005,55.2231,33,16112
2397,-160.578,55.2236,33,16112
2398,-150.68,59.5525,73,16121
2399,-150.681,59.5528,73,16121
2400,-150.466,59.5383,73,16121
2401,-149.832,65.3456,73,16105
2402,-160.65,55.6333,33,16112
2403,-118.681,38.4594,156,178
2404,-118.154,38.4322,156,178
2405,-118.156,38.4306,156,178
2406,-118.16,38.4394,156,178
2407,-118.161,38.4394,156,178
2408,-118.165,38.4469,156,178
2409,-118.155,38.58,156,178
2410,-118.158,38.5831,156,178
2411,-118.157,38.5833,156,178
2412,-118.158,38.5939,156,178
2413,-118.214,38.5942,156,178
2414,-118.226,38.5931,156,178
2415,-118.463,38.4708,196,178
2416,-118.45,38.4556,196,178
2417,-118.394,38.5644,156,178
2418,-118.42,38.5728,156,178
2419,-118.7,39.0583,20,178
2420,-118.979,39.04,156,178
2421,-118.416,38.5378,156,178
2422,-118.506,38.6197,156,178
2423,-118.5,38.65,156,178
2424,-118.472,38.4539,156,178
2425,-118.469,38.4519,156,178
2426,-118.465,38.4519,156,178
2427,-118.448,38.4847,156,178
2428,-118.435,38.5369,156,178
2429,-118.457,38.5408,196,178
2430,-160.67700000000005,55.1861,33,16112
2431,-160.675,55.1719,33,16112
2432,-151.373,59.4958,161,16121
2433,-151.491,59.4528,161,16121
2434,-151.514,59.5061,156,16121
2435,-151.496,59.5156,156,16121
2436,-151.501,59.5175,156,16121
2437,-151.225,59.5944,156,16121
2438,-163.059,54.945,33,16112
2439,-163.386,54.8575,33,16112
2440,-163.377,54.8494,33,16112
2441,-163.187,54.9317,33,16112
2442,-163.109,54.9339,33,16112
2443,-163.107,54.9358,33,16112
2444,-162.60299999999995,54.98,33,16112
2445,-110.059,29.7922,33,101
2446,-109.964,45.0842,44,101
2447,-112.517,47.9436,104,101
2448,-112.518,47.9411,104,101
2449,-112.52,47.9433,104,101
2450,-114.628,44.2608,33,154
2451,-114.362,44.0594,33,154
2452,-114.356,44.0669,33,154
2453,-114.356,44.0853,33,154
2454,-114.389,44.2253,33,154
2455,-114.388,44.23,33,154
2456,-114.378,44.0894,33,154
2457,-114.38,44.0883,33,154
2458,-114.35,44.0428,33,154
2459,-114.775,44.5111,104,154
2460,-104.988,37.3831,33,101
2461,-107.285,37.3686,33,101
2462,-108.825,33.1547,33,101
2463,-108.924,33.6694,33,101
2464,-109.392,31.7006,29,101
2465,-109.402,31.6767,29,101
2466,-109.393,31.5603,15,101
2467,-109.41,31.5711,15,101
2468,-109.387,31.5178,104,101
2469,-109.387,31.5236,104,101
2470,-109.388,31.5239,104,101
2471,-106.427,39.3519,33,101
2472,-106.426,39.3519,33,101
2473,-117.039,38.7706,29,178
2474,-117.036,38.7717,29,178
2475,-117.044,38.7733,29,178
2476,-117.05,38.7728,29,178
2477,-117.05,38.7731,29,178
2478,-117.049,38.7719,29,178
2479,-117.051,38.7731,29,178
2480,-117.052,38.7731,29,178
2481,-117.053,38.7731,29,178
2482,-117.051,38.7733,29,178
2483,-117.049,38.7733,29,178
2484,-117.047,38.7739,29,178
2485,-117.046,38.7733,29,178
2486,-117.051,38.7722,29,178
2487,-117.051,38.7725,29,178
2488,-114.828,43.4753,104,154
2489,-114.794,43.4456,104,154
2490,-114.821,43.4094,104,154
2491,-114.927,43.5158,104,154
2492,-114.817,43.4681,104,154
2493,-114.711,43.4828,104,154
2494,-115.808,44.0042,33,154
2495,-115.755,43.9025,104,154
2496,-115.763,43.9278,104,154
2497,-115.704,43.9392,104,154
2498,-117.869,39.5047,29,178
2499,-105.647,39.9383,33,101
2500,-105.628,39.9522,33,101
2501,-105.613,39.9469,33,101
2502,-105.615,39.9478,33,101
2503,-105.617,39.9339,33,101
2504,-105.618,39.9467,33,101
2505,-105.618,39.9486,33,101
2506,-105.626,39.9561,33,101
2507,-105.626,39.9569,33,101
2508,-105.628,39.9558,33,101
2509,-105.628,39.9572,33,101
2510,-105.629,39.9567,33,101
2511,-105.619,39.9464,33,101
2512,-105.633,39.9436,33,101
2513,-105.659,40.0108,33,101
2514,-105.959,39.6181,33,101
2515,-105.618,39.9492,33,101
2516,-105.621,39.9478,33,101
2517,-105.625,39.9486,33,101
2518,-105.626,39.9489,33,101
2519,-105.625,39.9492,33,101
2520,-105.629,39.9481,33,101
2521,-105.622,39.9594,33,101
2522,-105.61,39.9897,33,101
2523,-105.612,39.99,33,101
2524,-105.602,40.0067,33,101
2525,-105.593,39.9994,33,101
2526,-105.603,40.0406,33,101
2527,-110.409,43.9333,104,101
2528,-110.492,44.0442,104,101
2529,-110.489,44.0417,60,101
2530,-110.099,43.8094,33,101
2531,-110.269,43.9939,227,101
2532,-110.288,44.07,44,101
2533,-110.475,44.0444,104,101
2534,-110.475,44.0442,104,101
2535,-110.417,44.0503,104,101
2536,-110.256,43.9336,104,101
2537,-110.23,43.8997,104,101
2538,-105.591,40.0486,33,101
2539,-105.613,40.0497,33,101
2540,-105.614,40.0703,33,101
2541,-105.608,40.0931,33,101
2542,-105.612,40.0897,33,101
2543,-105.607,40.1122,33,101
2544,-105.732,40.0217,33,101
2545,-116.568,45.2588,227,173
2546,-110.11,43.8103,44,101
2547,-110.089,43.8292,44,101
2548,-110.25,44.25,33,101
2549,-106.878,39.06,29,101
2550,-106.878,39.0597,29,101
2551,-106.879,39.0544,29,101
2552,-106.878,39.0514,29,101
2553,-106.869,39.0808,29,101
2554,-106.881,39.0661,29,101
2555,-106.883,39.0619,29,101
2556,-106.882,39.0567,29,101
2557,-106.885,39.0528,29,101
2558,-106.805,39.0728,29,101
2559,-106.885,39.0275,29,101
2560,-106.869,39.0844,29,101
2561,-106.863,39.0458,29,101
2562,-106.875,39.0686,29,101
2563,-106.88,39.0478,29,101
2564,-106.875,39.0514,29,101
2565,-106.876,39.0528,29,101
2566,-106.875,39.0539,29,101
2567,-106.875,39.055,29,101
2568,-106.874,39.0569,29,101
2569,-106.875,39.0597,29,101
2570,-106.887,39.0547,29,101
2571,-106.888,39.0553,29,101
2572,-106.886,39.0569,29,101
2573,-106.867,39.0481,29,101
2574,-106.868,39.0506,29,101
2575,-106.868,39.0517,29,101
2576,-106.879,39.0647,29,101
2577,-106.879,39.0642,29,101
2578,-106.88,39.0633,29,101
2579,-106.879,39.0619,29,101
2580,-106.881,39.0639,29,101
2581,-106.878,39.0553,29,101
2582,-106.878,39.0561,29,101
2583,-106.877,39.0572,29,101
2584,-106.877,39.0581,29,101
2585,-106.877,39.0586,29,101
2586,-106.877,39.0592,29,101
2587,-106.876,39.0603,29,101
2588,-106.874,39.0628,29,101
2589,-106.871,39.0628,29,101
2590,-106.874,39.0647,29,101
2591,-106.88,39.0397,29,101
2592,-106.882,39.0575,29,101
2593,-106.884,39.0594,29,101
2594,-106.859,39.0486,29,101
2595,-106.857,39.0508,29,101
2596,-106.856,39.0514,29,101
2597,-106.859,39.055,29,101
2598,-106.879,39.0628,29,101
2599,-106.86,39.0425,29,101
2600,-106.898,39.0431,29,101
2601,-106.898,39.0397,29,101
2602,-106.902,39.0369,29,101
2603,-106.899,39.0239,29,101
2604,-106.863,39.0183,33,101
2605,-107.031,39.0214,29,101
2606,-107.103,39.0769,33,101
2607,-106.941,39.0144,29,101
2608,-107.003,39.2047,104,101
2609,-107.007,39.2142,175,101
2610,-107.007,39.2133,175,101
2611,-105.5,39.75,33,101
2612,-109.999,44.3775,44,101
2613,-110.0,44.3833,44,101
2614,-109.999,44.3833,44,101
2615,-109.996,44.3836,44,101
2616,-109.996,44.3844,44,101
2617,-110.011,44.3369,44,101
2618,-109.998,44.3786,44,101
2619,-109.998,44.3789,44,101
2620,-109.997,44.38,44,101
2621,-109.997,44.3814,44,101
2622,-109.999,44.3819,44,101
2623,-109.998,44.3844,44,101
2624,-111.737,46.8686,156,101
2625,-111.853,46.9094,33,101
2626,-111.818,46.8847,33,101
2627,-109.329,43.9786,44,101
2628,-109.334,43.9783,44,101
2629,-109.319,43.9742,44,101
2630,-109.32,43.9717,44,101
2631,-109.327,43.9725,44,101
2632,-109.304,43.9486,44,101
2633,-109.276,43.8583,44,101
2634,-109.275,43.8586,44,101
2635,-109.277,43.8553,44,101
2636,-109.293,43.8731,44,101
2637,-109.295,43.8731,44,101
2638,-109.288,43.9336,44,101
2639,-109.289,43.9325,44,101
2640,-109.286,43.9294,44,101
2641,-109.292,43.9106,44,101
2642,-109.291,43.9272,44,101
2643,-109.311,43.885,44,101
2644,-109.674,44.0264,44,101
2645,-109.674,44.0283,44,101
2646,-109.675,44.0281,44,101
2647,-109.674,44.0278,44,101
2648,-109.672,44.0306,44,101
2649,-109.325,43.8958,44,101
2650,-109.336,43.9033,44,101
2651,-109.342,43.9019,44,101
2652,-109.337,43.9036,44,101
2653,-109.286,43.8711,44,101
2654,-109.287,43.8708,44,101
2655,-109.288,43.8706,44,101
2656,-109.291,43.8711,44,101
2657,-109.281,43.8661,44,101
2658,-109.284,43.8686,44,101
2659,-109.296,43.8728,44,101
2660,-109.775,44.0217,44,101
2661,-109.781,43.9975,44,101
2662,-109.779,43.9989,44,101
2663,-109.342,43.9011,44,101
2664,-109.342,43.9006,44,101
2665,-109.343,43.9003,44,101
2666,-109.342,43.8997,44,101
2667,-109.293,43.875,44,101
2668,-109.322,43.8853,44,101
2669,-109.309,43.8819,44,101
2670,-112.0,46.3317,104,154
2671,-111.888,46.4142,104,154
2672,-109.612,43.9961,44,101
2673,-109.612,43.9956,44,101
2674,-109.729,44.2497,44,101
2675,-109.732,44.2481,44,101
2676,-109.613,43.9953,44,101
2677,-109.61,43.9956,44,101
2678,-109.609,44.0025,44,101
2679,-109.736,44.2486,44,101
2680,-109.729,44.25,44,101
2681,-109.728,44.2497,44,101
2682,-109.728,44.2472,44,101
2683,-109.636,44.5014,44,101
2684,-111.716,46.4056,104,101
2685,-111.719,46.3994,104,101
2686,-111.713,46.3958,104,101
2687,-111.716,36.8133,227,101
2688,-111.71,36.8039,227,101
2689,-111.763,36.7619,227,101
2690,-111.985,37.0872,227,101
2691,-112.027,36.9708,227,101
2692,-112.026,36.9703,227,101
2693,-111.584,36.8683,227,101
2694,-111.899,36.7275,227,101
2695,-112.037,36.7744,227,101
2696,-111.618,36.8736,227,101
2697,-111.744,36.7489,227,101
2698,-111.955,36.75,227,101
2699,-111.995,37.0711,227,101
2700,-111.708,36.8017,227,101
2701,-111.617,36.8942,227,101
2702,-111.619,36.8922,227,101
2703,-114.535,45.6514,33,154
2704,-110.248,47.4508,104,101
2705,-121.829,45.3069,15,173
2706,-107.273,38.3,33,101
2707,-107.283,38.0,33,101
2708,-124.001,42.4333,175,176
2709,-111.641,36.8583,227,101
2710,-121.252,48.0775,60,173
2711,-114.529,45.8189,104,154
2712,-106.258,39.0708,33,101
2713,-106.292,39.1078,33,101
2714,-106.292,39.1083,33,101
2715,-106.25,39.0536,33,101
2716,-116.269,33.4778,104,101
2717,-116.575,33.6194,104,101
2718,-116.573,33.6131,104,101
2719,-116.195,33.4367,104,101
2720,-116.447,33.7222,104,101
2721,-116.488,33.5453,104,101
2722,-117.922,37.2511,33,178
2723,-117.965,37.24,33,178
2724,-156.88299999999995,67.0333,208,18103
2725,-147.5,62.1333,175,16112
2726,-150.875,62.5,33,18106
2727,-117.0,40.5,33,178
2728,-119.383,48.8833,227,154
2729,-121.317,37.3833,175,176
2730,-121.317,37.4,175,176
2731,-117.8,41.9167,15,178
2732,-118.117,40.1833,227,178
2733,-134.4,58.8,125,16124
2734,-134.317,58.7333,125,16124
2735,-134.858,58.7092,125,16124
2736,-134.40200000000002,59.7814,125,16101
2737,-134.387,59.7869,125,16101
2738,-134.398,59.8019,125,16101
2739,-134.44,59.7597,125,16101
2740,-134.80200000000002,58.7047,125,16124
2741,-134.86700000000002,58.7064,125,16124
2742,-134.627,58.6156,125,16124
2743,-134.621,58.6014,125,16124
2744,-134.658,58.5147,125,16124
2745,-134.64,58.5511,125,16124
2746,-134.76,58.6078,125,16124
2747,-134.769,58.6061,125,16124
2748,-134.765,58.5886,125,16124
2749,-134.778,58.6297,125,16124
2750,-134.799,58.6578,125,16124
2751,-134.651,58.6556,125,16124
2752,-134.734,58.5992,125,16124
2753,-134.776,58.7089,125,16124
2754,-134.77100000000002,58.7131,125,16124
2755,-134.78,58.7144,125,16124
2756,-134.806,58.7075,125,16124
2757,-121.3,37.4167,175,176
2758,-121.3,37.4333,175,176
2759,-117.0,40.0,33,178
2760,-113.75,43.25,1,154
2761,-113.25,38.5,29,178
2762,-121.383,37.4,175,176
2763,-112.119,38.425,15,101
2764,-114.125,35.75,104,178
2765,-121.433,37.4,175,176
2766,-117.0,48.0,73,154
2767,-114.814,34.4303,20,101
2768,-114.785,34.4014,20,101
2769,-114.813,34.4275,20,101
2770,-121.125,48.2356,125,173
2771,-121.141,48.2644,125,173
2772,-121.123,48.2361,125,173
2773,-121.029,48.2444,125,173
2774,-121.052,48.2561,125,173
2775,-121.412,48.3925,125,173
2776,-121.325,48.3736,125,173
2777,-121.394,48.3944,125,173
2778,-121.378,48.3806,125,173
2779,-114.796,34.3917,20,101
2780,-114.81,34.4417,20,101
2781,-114.778,34.3903,20,101
2782,-121.069,48.3922,227,173
2783,-121.057,48.3731,227,173
2784,-121.049,48.3697,227,173
2785,-121.053,48.3694,227,173
2786,-120.849,48.2231,227,173
2787,-120.944,48.1089,125,173
2788,-121.281,48.1222,104,173
2789,-121.037,48.095,104,173
2790,-120.854,47.9508,104,173
2791,-120.922,48.0264,104,173
2792,-120.969,48.125,125,173
2793,-120.75,48.2333,125,173
2794,-117.25,41.125,75,178
2795,-120.894,48.3778,44,173
2796,-120.675,48.2136,44,173
2797,-120.674,48.1994,44,173
2798,-121.286,48.4161,33,173
2799,-121.284,48.4369,33,173
2800,-121.144,48.2983,125,173
2801,-121.164,48.2978,125,173
2802,-121.204,48.3186,125,173
2803,-121.119,48.3158,125,173
2804,-114.789,34.3925,15,101
2805,-120.822,48.3058,44,173
2806,-121.322,48.3722,125,173
2807,-120.857,48.1742,227,173
2808,-120.772,48.1611,44,173
2809,-121.337,48.3792,125,173
2810,-121.311,48.3569,125,173
2811,-115.083,35.2667,15,101
2812,-114.333,41.0,15,178
2813,-117.167,40.7333,33,178
2814,-116.833,40.4167,33,178
2815,-116.583,40.1667,33,178
2816,-115.026,35.2333,15,101
2817,-135.614,57.3069,156,16122
2818,-115.65,34.6,175,101
2819,-116.717,40.4667,33,178
2820,-116.3,40.75,33,178
2821,-117.877,38.7608,33,178
2822,-116.71,38.3794,33,178
2823,-117.567,38.8222,33,178
2824,-135.061,58.8678,73,16124
2825,-135.076,58.8675,73,16124
2826,-135.04399999999998,58.8411,73,16124
2827,-134.379,58.2681,33,16124
2828,-134.379,58.2681,73,16124
2829,-134.379,58.2672,33,16124
2830,-134.381,58.2683,33,16124
2831,-134.359,58.3092,33,16124
2832,-134.359,58.3092,104,16124
2833,-134.37,58.2628,73,16124
2834,-134.43200000000002,58.3092,73,16124
2835,-134.377,58.2664,73,16124
2836,-134.377,58.2664,33,16124
2837,-121.658,41.4217,1,178
2838,-134.33700000000002,58.2967,33,16124
2839,-134.336,58.2964,33,16124
2840,-134.336,58.2978,227,16124
2841,-134.332,58.2964,227,16124
2842,-134.333,58.2969,227,16124
2843,-134.35,58.3078,33,16124
2844,-134.408,58.3192,156,16124
2845,-134.405,58.32,227,16124
2846,-135.079,58.8656,104,16124
2847,-134.378,58.2533,156,16111
2848,-134.379,58.2675,33,16124
2849,-134.349,58.2569,156,16124
2850,-135.086,58.8658,104,16124
2851,-110.25,44.75,1,101
2852,-134.343,58.2531,104,16124
2853,-134.409,58.3189,156,16124
2854,-134.414,58.3181,156,16124
2855,-134.41899999999998,58.3183,156,16124
2856,-134.424,58.3214,156,16124
2857,-134.422,58.3244,156,16124
2858,-134.326,58.2861,156,16124
2859,-134.33700000000002,58.2878,156,16124
2860,-134.346,58.2903,156,16124
2861,-134.358,58.2933,156,16124
2862,-134.414,58.305,156,16124
2863,-116.817,32.6167,156,105
2864,-122.333,38.8333,33,176
2865,-117.283,41.2833,33,178
2866,-117.283,41.1667,33,178
2867,-118.167,40.2333,227,178
2868,-117.917,38.7667,33,178
2869,-122.333,38.8333,175,176
2870,-122.104,42.8736,1,173
2871,-122.086,42.9025,1,173
2872,-119.517,39.3333,1,178
2873,-121.978,42.8806,1,173
2874,-122.032,43.0572,1,173
2875,-122.048,42.8864,1,173
2876,-122.146,42.8922,1,173
2877,-123.637,45.6889,44,173
2878,-117.75,40.0,227,178
2879,-117.75,40.0,33,178
2880,-117.75,40.0,104,178
2881,-117.75,40.0,175,178
2882,-117.75,40.25,33,178
2883,-116.25,40.25,104,178
2884,-116.25,40.25,156,178
2885,-116.5,40.5,33,178
2886,-115.875,40.25,33,178
2887,-116.0,40.5,156,178
2888,-116.0,40.25,33,178
2889,-116.0,40.0,33,178
2890,-115.087,35.4625,15,101
2891,-118.332,40.1419,175,178
2892,-118.016,39.8653,175,178
2893,-118.034,39.9392,175,178
2894,-159.667,60.6403,104,18106
2895,-159.64700000000005,60.2214,104,18108
2896,-160.638,60.2214,104,18106
2897,-160.5,60.5,104,18106
2898,-160.63299999999995,60.2747,104,18106
2899,-160.0,61.0,104,18106
2900,-121.421,46.2894,1,173
2901,-121.485,46.3228,1,173
2902,-121.462,46.2642,1,173
2903,-112.617,32.4667,33,101
2904,-122.083,46.3667,15,173
2905,-117.978,39.9244,175,178
2906,-117.965,39.9383,175,178
2907,-118.36,40.0361,175,178
2908,-118.362,40.0347,175,178
2909,-118.363,40.0364,175,178
2910,-118.034,39.9397,33,178
2911,-118.034,39.9386,175,178
2912,-119.034,39.9392,175,178
2913,-118.2,40.0708,175,178
2914,-118.366,40.0761,175,178
2915,-159.01,61.1028,104,18106
2916,-159.004,61.0717,104,18106
2917,-160.0,60.0,104,18105
2918,-159.01,60.5561,104,18106
2919,-160.006,60.5503,104,18106
2920,-160.004,60.2439,104,18106
2921,-159.00799999999995,60.9722,104,18106
2922,-159.005,61.12,104,18106
2923,-114.446,34.4211,15,101
2924,-114.459,34.4272,15,101
2925,-116.722,48.1403,89,154
2926,-117.849,40.725,227,178
2927,-117.881,40.7217,227,178
2928,-121.896,37.1542,175,105
2929,-121.846,37.1069,175,105
2930,-121.842,37.1125,175,105
2931,-121.943,37.1208,106,105
2932,-121.896,37.1211,175,105
2933,-121.89,37.1247,175,105
2934,-117.247,40.6044,33,178
2935,-117.833,40.5833,175,178
2936,-117.908,40.5583,175,178
2937,-117.883,40.7,227,178
2938,-117.85,40.725,227,178
2939,-117.858,40.7,227,178
2940,-117.875,40.7,227,178
2941,-117.85,40.7167,227,178
2942,-117.892,40.7083,227,178
2943,-117.875,40.7167,227,178
2944,-117.958,40.7472,227,178
2945,-117.4,40.9417,33,178
2946,-155.085,58.2025,1,16112
2947,-154.964,58.2467,1,16112
2948,-155.125,58.2583,1,16112
2949,-155.124,58.2578,1,16112
2950,-122.118,42.9192,1,173
2951,-122.125,42.9689,1,173
2952,-121.567,41.7867,1,178
2953,-121.625,41.5117,1,178
2954,-122.193,43.0219,1,173
2955,-121.497,46.0356,1,173
2956,-118.957,36.515,156,176
2957,-115.254,35.2644,15,101
2958,-147.411,62.6583,125,16110
2959,-147.596,62.6347,125,16110
2960,-132.986,56.5311,156,16111
2961,-132.967,56.5706,156,16111
2962,-134.635,58.3825,156,16111
2963,-134.987,58.6761,156,16111
2964,-115.55,35.045,33,101
2965,-117.033,40.5333,156,178
2966,-115.533,35.3667,156,101
2967,-115.55,34.85,156,101
2968,-115.55,34.8,156,101
2969,-115.567,34.8333,156,101
2970,-115.55,34.8167,156,101
2971,-115.55,35.05,156,101
2972,-115.483,35.05,156,101
2973,-115.492,35.0519,156,101
2974,-115.493,35.0536,156,101
2975,-115.499,35.0494,156,101
2976,-115.048,35.0564,156,101
2977,-115.047,35.0525,156,101
2978,-115.046,35.0483,156,101
2979,-115.047,35.0489,156,101
2980,-115.047,35.0464,156,101
2981,-115.042,35.045,156,101
2982,-115.045,35.0417,156,101
2983,-115.046,35.0367,156,101
2984,-115.049,35.0361,156,101
2985,-115.037,35.0258,156,101
2986,-115.152,35.0839,156,101
2987,-115.149,35.0817,156,101
2988,-115.124,35.0767,156,101
2989,-115.086,35.0956,156,101
2990,-115.631,35.5239,156,101
2991,-154.183,59.7167,104,16112
2992,-134.747,56.8606,156,16122
2993,-134.753,56.8633,156,16122
2994,-136.267,58.1,227,16122
2995,-132.255,55.7403,156,16111
2996,-134.694,58.5364,60,16124
2997,-134.694,58.5356,60,16124
2998,-134.68200000000002,58.5328,60,16124
2999,-134.686,58.5294,60,16124
3000,-134.336,58.3,60,16124
3001,-134.306,58.2783,60,16124
3002,-134.303,58.2783,60,16124
3003,-135.10299999999998,58.8697,60,16124
3004,-135.10299999999998,58.8697,104,16124
3005,-135.101,58.8828,60,16124
3006,-135.093,58.8689,60,16124
3007,-135.035,58.8597,60,16124
3008,-134.997,58.8583,60,16124
3009,-134.86700000000002,58.5906,60,16111
3010,-134.856,58.5822,60,16111
3011,-134.694,58.425,60,16111
3012,-134.658,58.4056,60,16111
3013,-134.49200000000002,58.48,60,16124
3014,-134.37,58.3133,60,16124
3015,-134.311,58.2811,60,16124
3016,-134.314,58.2861,60,16124
3017,-134.311,58.2861,60,16124
3018,-134.261,58.3278,60,16124
3019,-133.783,57.9833,60,16124
3020,-133.783,57.9778,60,16124
3021,-135.444,58.9528,125,16111
3022,-132.041,56.51,15,16124
3023,-132.06,56.5131,15,16124
3024,-134.694,58.425,33,16111
3025,-133.29399999999998,57.5917,33,16124
3026,-133.299,57.5972,33,16124
3027,-133.267,57.5889,33,16124
3028,-133.619,57.925,33,16124
3029,-114.026,41.0317,175,178
3030,-118.55,48.9667,104,16107
3031,-109.958,45.0583,33,101
3032,-120.552,39.4631,175,178
3033,-120.551,39.4467,175,178
3034,-120.559,39.4461,175,178
3035,-120.557,39.445,175,178
3036,-120.556,39.4464,175,178
3037,-120.558,39.4689,175,178
3038,-120.571,39.4483,175,178
3039,-120.546,39.4606,175,178
3040,-120.56,39.4606,175,178
3041,-122.109,42.8714,1,173
3042,-122.061,42.8592,1,173
3043,-121.723,41.5431,1,178
3044,-121.616,41.5889,1,178
3045,-121.167,41.4614,1,178
3046,-121.281,41.5039,1,178
3047,-123.953,45.085,44,173
3048,-118.263,39.6531,29,178
3049,-115.376,34.7786,104,101
3050,-154.017,59.7167,182,16112
3051,-154.083,59.7,182,16112
3052,-115.25,45.75,104,154
3053,-115.0,46.0,104,154
3054,-116.7,48.0611,89,154
3055,-116.655,48.0553,89,154
3056,-116.608,48.0522,104,154
3057,-117.348,47.9256,44,154
3058,-109.9,45.1167,104,101
3059,-115.4,48.4333,104,154
3060,-118.517,48.9833,141,16107
3061,-118.55,48.9833,141,16107
3062,-115.517,35.8667,125,178
3063,-118.517,48.9667,156,16107
3064,-118.517,48.9667,141,16107
3065,-121.503,41.535,1,178
3066,-121.373,41.6267,1,178
3067,-121.563,41.5767,1,178
3068,-123.122,42.0922,156,176
3069,-123.152,42.1506,156,176
3070,-123.204,42.13,156,176
3071,-123.13,42.1264,156,176
3072,-123.166,42.1319,156,176
3073,-123.139,42.1397,156,176
3074,-123.11,42.1439,156,176
3075,-123.155,42.2094,156,176
3076,-116.617,34.5,33,101
3077,-117.25,35.1167,33,101
3078,-122.034,42.8106,1,173
3079,-153.241,61.9461,136,18106
3080,-153.21200000000005,61.9769,136,18106
3081,-153.30200000000005,61.5822,73,18106
3082,-153.185,61.5764,73,18106
3083,-153.608,61.7794,73,18106
3084,-153.855,61.9531,73,18104
3085,-109.685,33.0228,20,101
3086,-109.723,33.0725,20,101
3087,-114.397,46.5681,104,154
3088,-134.086,57.6642,125,16111
3089,-134.80100000000002,58.0325,125,16111
3090,-134.263,57.8967,156,16111
3091,-134.264,57.3844,156,16111
3092,-133.806,57.2986,125,16111
3093,-133.836,57.3056,125,16111
3094,-115.433,35.4,156,101
3095,-134.696,58.3564,136,16111
3096,-134.17600000000002,58.1597,136,16124
3097,-134.092,58.9969,136,16104
3098,-113.624,34.3369,13,178
3099,-111.026,33.3286,15,101
3100,-111.323,33.4311,15,101
3101,-111.056,33.3339,15,101
3102,-111.414,33.4564,15,101
3103,-111.301,33.4436,15,101
3104,-111.304,33.4547,15,101
3105,-111.313,33.4708,15,101
3106,-111.316,33.4744,15,101
3107,-111.449,33.5269,15,101
3108,-111.279,33.4508,15,101
3109,-109.744,33.0728,33,101
3110,-120.5,48.0,104,173
3111,-116.678,48.2094,44,154
3112,-114.031,41.0572,44,178
3113,-121.503,41.56,1,178
3114,-121.462,41.4283,1,178
3115,-107.509,37.9553,29,101
3116,-107.733,37.8769,33,101
3117,-107.743,37.8717,29,101
3118,-107.599,37.9653,29,101
3119,-107.721,37.8903,29,101
3120,-117.829,38.6153,33,178
3121,-116.125,38.625,33,178
3122,-119.25,37.125,156,176
3123,-118.375,37.0,156,178
3124,-118.5,37.0,156,178
3125,-119.75,37.125,156,176
3126,-119.625,37.0,156,176
3127,-119.375,36.875,156,176
3128,-119.375,37.125,156,176
3129,-118.875,37.0,156,176
3130,-118.375,36.875,156,178
3131,-119.125,37.25,156,176
3132,-119.0,37.875,156,178
3133,-121.333,37.4167,175,176
3134,-117.0,40.625,104,178
3135,-117.217,40.3,84,178
3136,-122.137,43.0917,1,173
3137,-121.395,37.5283,136,176
3138,-109.722,48.1736,44,101
3139,-109.704,48.1847,44,101
3140,-109.853,48.2125,44,101
3141,-109.713,48.1694,44,101
3142,-109.71,48.1681,44,101
3143,-109.703,48.1686,44,101
3144,-117.2,40.3,33,178
3145,-117.05,40.6167,33,178
3146,-132.248,56.775,104,16124
3147,-132.216,56.7772,104,16124
3148,-107.954,38.9361,33,101
3149,-98.0806,21.0,175,104
3150,-118.131,37.4,104,178
3151,-114.917,39.8833,29,178
3152,-108.017,37.6833,60,101
3153,-108.017,37.7333,60,101
3154,-108.017,37.6333,60,101
3155,-108.0,37.6667,60,101
3156,-108.05,37.6833,60,101
3157,-121.9,37.8,175,176
3158,-121.5,48.5,175,173
3159,-124.1,42.5,175,173
3160,-114.91,41.9069,33,178
3161,-109.633,48.0833,44,101
3162,-132.385,56.4872,73,16111
3163,-109.922,45.5889,73,101
3164,-109.914,45.5983,73,101
3165,-110.277,45.2594,73,101
3166,-109.908,45.1239,73,101
3167,-110.665,45.2575,33,101
3168,-110.657,45.2508,33,101
3169,-110.651,45.2533,33,101
3170,-110.279,45.2583,73,101
3171,-110.277,45.2586,73,101
3172,-110.26,45.2103,73,101
3173,-109.938,45.5983,73,101
3174,-109.942,45.5997,73,101
3175,-109.952,45.5936,73,101
3176,-109.963,45.0497,73,101
3177,-122.45,37.8667,175,176
3178,-107.66,37.7944,29,101
3179,-119.133,37.7,175,178
3180,-119.117,37.6833,175,178
3181,-119.133,37.7167,175,178
3182,-119.167,37.7167,175,178
3183,-119.167,37.7,104,178
3184,-116.792,32.8256,104,101
3185,-116.58,33.0908,175,101
3186,-107.613,37.9044,29,101
3187,-107.195,37.7994,29,101
3188,-107.383,38.2181,29,101
3189,-107.513,38.0589,29,101
3190,-107.519,37.9086,29,101
3191,-107.556,37.9147,29,101
3192,-107.721,37.8753,29,101
3193,-107.492,38.0203,29,101
3194,-119.167,37.7,175,178
